check,actual,expected,passed
raw_count_application_train,307511,307511,True
raw_count_previous_application,1670214,1670214,True
raw_count_installments_payments,13605401,13605401,True
raw_count_pos_cash_balance,10001358,10001358,True
raw_count_credit_card_balance,3840312,3840312,True
raw_count_bureau,1716428,1716428,True
raw_count_bureau_balance,27299925,27299925,True
unique_int_applicant_repay,0,0,True
unique_int_applicant_bureau,0,0,True
unique_int_applicant_prev,0,0,True
unique_int_applicant_pos,0,0,True
unique_int_applicant_cc,0,0,True
unique_fact_application,0,0,True
application_coverage,307511,307511,True
critical_dq_failures,0,0,True
model_target_alignment,0,0,True
valid_score_probability,0,0,True
complete_dimension_keys,0,0,True
monthly_grain_unique,0,0,True
monthly_summary_reconciles,14701612,14701612,True
roll_counts_consecutive_months,14178097,14178097,True
roll_denominators_sum_to_one,0,0,True
score_direction,0,0,True
predicted_band_order,0,0,True
