requested_validation_approval_rate,pd_cutoff,score_cutoff,threshold_source,approval_rule,validation_applicants,validation_approved_count,validation_approval_rate,validation_bad_count,validation_bad_rate,validation_bad_rate_ci_low,validation_bad_rate_ci_high,validation_expected_bad_rate,validation_expected_loss,validation_approved_known_ead_count,validation_approved_missing_ead_count,validation_expected_loss_coverage_rate,validation_expected_loss_per_approved,validation_expected_loss_per_approved_denominator,validation_expected_loss_per_approved_known_ead,validation_approved_ead,test_applicants,test_approved_count,test_approval_rate,test_bad_count,test_bad_rate,test_bad_rate_ci_low,test_bad_rate_ci_high,test_expected_bad_rate,test_expected_loss,test_approved_known_ead_count,test_approved_missing_ead_count,test_expected_loss_coverage_rate,test_expected_loss_per_approved,test_expected_loss_per_approved_denominator,test_expected_loss_per_approved_known_ead,test_approved_ead
0,0,1085.0699332553768,validation_predictions,pd <= pd_cutoff,61502,0,0,0,,,,,0,0,0,,,all approved; numerator is known-EAD EL subtotal,,0,61503,0,0,0,,,,,0,0,0,,,all approved; numerator is known-EAD EL subtotal,,0
0.05,0.012848847021376102,612.3940801267922,validation_predictions,pd <= pd_cutoff,61502,3076,0.05001463367044974,41,0.013328998699609884,0.009840653596603383,0.018031384613299666,0.009542653526202129,10374789.900861345,3076,0,1,3372.818563348942,all approved; numerator is known-EAD EL subtotal,3372.818563348942,2468657965.5,61503,3110,0.05056663902573858,31,0.009967845659163987,0.007031206291254845,0.014113562860103963,0.009629971921035752,10805637.021738105,3110,0,1,3474.4813574720592,all approved; numerator is known-EAD EL subtotal,3474.4813574720592,2544505672.5
0.1,0.017348157023961076,603.5993970713008,validation_predictions,pd <= pd_cutoff,61502,6151,0.10001300770706643,88,0.014306616810274751,0.011627571560941276,0.01759193961963634,0.012345757233158122,25604809.696638532,6151,0,1,4162.7068276115315,all approved; numerator is known-EAD EL subtotal,4162.7068276115315,4704181155,61503,6157,0.10010893777539306,71,0.011531590060094202,0.009152859547368289,0.014519468298674162,0.012371814288895538,25835940.765255332,6157,0,1,4196.189827067619,all approved; numerator is known-EAD EL subtotal,4196.189827067619,4747794106.5
0.15,0.02139951300993733,597.4242788065452,validation_predictions,pd <= pd_cutoff,61502,9226,0.15001138174368314,161,0.017450682852807285,0.014972608916023044,0.02033043071628794,0.0146946578121753,44432022.98074658,9226,0,1,4815.95740090468,all approved; numerator is known-EAD EL subtotal,4815.95740090468,6862146975,61503,9099,0.14794400273157407,125,0.013737773381690296,0.01154300086580152,0.016342957597719823,0.014631954568736835,43650380.185820885,9099,0,1,4797.272248139453,all approved; numerator is known-EAD EL subtotal,4797.272248139453,6794792667
0.2,0.02547011468370952,592.2794575581996,validation_predictions,pd <= pd_cutoff,61502,12301,0.20000975578029984,232,0.01886025526379969,0.01660224507028692,0.02141868030176027,0.016872519266963926,66218509.411332384,12301,0,1,5383.180994336427,all approved; numerator is known-EAD EL subtotal,5383.180994336427,8933293858.5,61503,12138,0.19735622652553533,195,0.01606524962926347,0.013976809130522218,0.018459906515651832,0.01683754851056799,64580030.09656596,12138,0,1,5320.483613162462,all approved; numerator is known-EAD EL subtotal,5320.483613162462,8779414927.5
0.25,0.029799528085537066,587.6213060495672,validation_predictions,pd <= pd_cutoff,61502,15376,0.2500081298169165,311,0.020226326742976065,0.018118122771746542,0.022574199089722274,0.019022557149058567,90934858.56075047,15376,0,1,5914.077689955156,all approved; numerator is known-EAD EL subtotal,5914.077689955156,10924261803,61503,15298,0.24873583402435653,280,0.018303046149823508,0.016296670380943904,0.020551277647930067,0.01905686061949433,90763644.80833744,15298,0,1,5933.039927332817,all approved; numerator is known-EAD EL subtotal,5933.039927332817,10888107129
0.3,0.03418328680280858,583.5306042421615,validation_predictions,pd <= pd_cutoff,61502,18451,0.3000065038535332,398,0.021570646577421276,0.01957187908184444,0.023768588545873964,0.021176698020764773,119027462.02082928,18451,0,1,6451.003307182769,all approved; numerator is known-EAD EL subtotal,6451.003307182769,12879550228.5,61503,18300,0.2975464611482367,365,0.01994535519125683,0.018018144018265996,0.022074066159125636,0.02117140828692891,118297178.10301256,18300,0,1,6464.326672295769,all approved; numerator is known-EAD EL subtotal,6464.326672295769,12803960565
0.35,0.03893511545137023,579.6326767228718,validation_predictions,pd <= pd_cutoff,61502,21526,0.3500048778901499,511,0.023738734553563134,0.021788458590975113,0.025858964209735318,0.02336790808604154,150833277.7226989,21526,0,1,7007.02767456559,all approved; numerator is known-EAD EL subtotal,7007.02767456559,14814392733,61503,21397,0.3479017283709738,462,0.021591811936252744,0.019728474153667044,0.023626898606139524,0.02338734405056932,150141545.7737193,21397,0,1,7016.943766589677,all approved; numerator is known-EAD EL subtotal,7016.943766589677,14743887079.5
0.4,0.044106241036011545,575.8787874979612,validation_predictions,pd <= pd_cutoff,61502,24601,0.4000032519267666,626,0.025446120076419658,0.023551149317592317,0.027489271362317488,0.025632199238699818,186798443.08973938,24601,0,1,7593.123982347847,all approved; numerator is known-EAD EL subtotal,7593.123982347847,16742336791.5,61503,24542,0.39903744532787017,599,0.024407138782495313,0.022549715079697216,0.026413424392908034,0.025705536371993843,186187368.898114,24542,0,1,7586.4790521601335,all approved; numerator is known-EAD EL subtotal,7586.4790521601335,16675455195
0.45,0.049890066392825574,572.1482753542017,validation_predictions,pd <= pd_cutoff,61502,27676,0.4500016259633833,747,0.026990894637953462,0.025146290746035718,0.028966788660471466,0.02799908887159619,226495363.80186415,27676,0,1,8183.818608247729,all approved; numerator is known-EAD EL subtotal,8183.818608247729,18621994576.5,61503,27617,0.4490350064224509,750,0.027157185791360394,0.025304947153959156,0.02914094874905807,0.028067411698436327,225765144.29534507,27617,0,1,8174.861291789299,all approved; numerator is known-EAD EL subtotal,8174.861291789299,18550693660.5
0.5,0.0562263338524733,568.5053368138766,validation_predictions,pd <= pd_cutoff,61502,30751,0.5,909,0.029560014308477774,0.02772496171869059,0.0315125882865681,0.030493735419038114,269843091.00089455,30751,0,1,8775.099704103754,all approved; numerator is known-EAD EL subtotal,8775.099704103754,20441931030,61503,30576,0.49714648065948003,892,0.029173207744636317,0.027345201451153888,0.031119505150684772,0.030480659059070134,268163127.45958877,30576,0,1,8770.379626490998,all approved; numerator is known-EAD EL subtotal,8770.379626490998,20329241314.5
0.55,0.06350439046779374,564.7697559566325,validation_predictions,pd <= pd_cutoff,61502,33827,0.5500146336704498,1064,0.03145416383362403,0.029646700581364656,0.03336803292491237,0.03316062057645859,318641237.0800452,33827,0,1,9419.730897804866,all approved; numerator is known-EAD EL subtotal,9419.730897804866,22254667339.5,61503,33738,0.5485586068972246,1083,0.03210030232971723,0.030272057520747127,0.0340350865178738,0.03322630660293279,317844738.2324969,33738,0,1,9420.971552329625,all approved; numerator is known-EAD EL subtotal,9420.971552329625,22175886411
0.6,0.07154528081060468,561.0809369595077,validation_predictions,pd <= pd_cutoff,61502,36902,0.6000130077070664,1274,0.03452387404476722,0.03270904535351678,0.03643560378469682,0.03601368505995943,372290497.3358407,36902,0,1,10088.62656050731,all approved; numerator is known-EAD EL subtotal,10088.62656050731,24023882362.5,61503,36811,0.5985236492528819,1286,0.034935209584091714,0.033107482030449886,0.03685999186732328,0.036084673237710314,371884610.7775744,36811,0,1,10102.540294411301,all approved; numerator is known-EAD EL subtotal,10102.540294411301,23956458880.5
0.65,0.08101943665425226,557.1967639984866,validation_predictions,pd <= pd_cutoff,61502,39977,0.6500113817436831,1488,0.03722140230632614,0.03540974591297856,0.03912198854013092,0.03909788147849563,431264612.9058428,39977,0,1,10787.818318179023,all approved; numerator is known-EAD EL subtotal,10787.818318179023,25746428146.5,61503,39811,0.6473017576378388,1540,0.03868277611715355,0.03683259770054899,0.040621973153644145,0.03910279443907902,429228427.3229631,39811,0,1,10781.653998215646,all approved; numerator is known-EAD EL subtotal,10781.653998215646,25630475116.5
0.7,0.09245136660774875,553.0270443068928,validation_predictions,pd <= pd_cutoff,61502,43052,0.7000097557802998,1756,0.04078788441884233,0.03896007038393527,0.042697640618723956,0.042490140583283154,497847790.82196736,43052,0,1,11563.87138395353,all approved; numerator is known-EAD EL subtotal,11563.87138395353,27455855818.5,61503,42934,0.6980797684665788,1791,0.041715190757907486,0.0398646126190767,0.04364777032778558,0.04255287782457812,496034309.31547046,42934,0,1,11553.414760224308,all approved; numerator is known-EAD EL subtotal,11553.414760224308,27346963284
0.75,0.10588928309294354,548.6808143346868,validation_predictions,pd <= pd_cutoff,61502,46127,0.7500081298169166,2092,0.04535304702235134,0.04349173905872582,0.047290074721086234,0.04625791765171064,571939597.6941365,46127,0,1,12399.236839467914,all approved; numerator is known-EAD EL subtotal,12399.236839467914,29119710523.5,61503,46011,0.7481098483000829,2098,0.04559779183238791,0.043729288453715764,0.047542164965920355,0.04631985901322916,570289796.213293,46011,0,1,12394.640329775335,all approved; numerator is known-EAD EL subtotal,12394.640329775335,29016354964.5
0.8,0.12286485273619088,543.837413732951,validation_predictions,pd <= pd_cutoff,61502,49202,0.8000065038535332,2475,0.05030283321816186,0.04840641582888291,0.05226946556959813,0.050503540216671784,653747715.3366766,49202,0,1,13287.015067206143,all approved; numerator is known-EAD EL subtotal,13287.015067206143,30712642434,61503,49112,0.7985301530006667,2454,0.04996742140413748,0.048075438643700896,0.05192980025541967,0.05059775713095453,655968639.940595,49112,0,1,13356.585761944027,all approved; numerator is known-EAD EL subtotal,13356.585761944027,30686015862
0.85,0.14523567387200975,538.2654929144219,validation_predictions,pd <= pd_cutoff,61502,52277,0.8500048778901499,2938,0.056200623601201295,0.054258781382617124,0.05820768424326582,0.055387876403211196,749189218.6557724,52277,0,1,14331.144072073233,all approved; numerator is known-EAD EL subtotal,14331.144072073233,32301733293,61503,52215,0.8489829764401736,2871,0.05498419994254525,0.053061545332924814,0.05697232938166098,0.0555124163984962,754143750.7915019,52215,0,1,14443.047989878423,all approved; numerator is known-EAD EL subtotal,14443.047989878423,32324275129.5
0.9,0.17718718537096248,531.4286760952648,validation_predictions,pd <= pd_cutoff,61502,55352,0.9000032519267666,3393,0.06129859806330395,0.05933053465532276,0.06332754947608132,0.061208480389828686,861542613.6507099,55352,0,1,15564.796459942005,all approved; numerator is known-EAD EL subtotal,15564.796459942005,33861321594,61503,55192,0.8973871193275125,3347,0.06064284678938977,0.058682057794173674,0.06266479156616579,0.061155812507390654,862111931.1582248,55192,0,1,15620.233569325714,all approved; numerator is known-EAD EL subtotal,15620.233569325714,33822310333.5
0.95,0.2318069584895256,521.6937766272807,validation_predictions,pd <= pd_cutoff,61502,58427,0.9500016259633833,4060,0.06948842144898762,0.06745474200425433,0.07157870772872607,0.06858462476159718,998436143.7126163,58427,0,1,17088.608754730114,all approved; numerator is known-EAD EL subtotal,17088.608754730114,35373927937.5,61503,58232,0.9468156024909354,3955,0.06791798323945597,0.06590279696242861,0.06999017308105694,0.06845372496533285,998089688.4037436,58232,0,1,17139.88337003269,all approved; numerator is known-EAD EL subtotal,17139.88337003269,35324558946
1,0.6788351450113091,465.52793158161177,validation_predictions,pd <= pd_cutoff,61502,61502,1,4965,0.08072908198107379,0.07860219508538319,0.08290834152716908,0.08052805488067039,1194650553.6484103,61502,0,1,19424.58056076892,all approved; numerator is known-EAD EL subtotal,19424.58056076892,36805837599,61503,61503,1,4965,0.08072776937710356,0.07860091560626185,0.0829069951108163,0.08113716468791325,1206142885.955492,61503,0,1,19611.12280629387,all approved; numerator is known-EAD EL subtotal,19611.12280629387,36836003740.5
