table_schema,table_name,column_name,data_type
intermediate,int_applicant_bureau,applicant_id,bigint
intermediate,int_applicant_bureau,bureau_loan_count,bigint
intermediate,int_applicant_bureau,bureau_active_loan_count,bigint
intermediate,int_applicant_bureau,bureau_closed_loan_count,bigint
intermediate,int_applicant_bureau,bureau_credit_sum,numeric
intermediate,int_applicant_bureau,bureau_debt_sum,numeric
intermediate,int_applicant_bureau,bureau_overdue_sum,numeric
intermediate,int_applicant_bureau,bureau_max_dpd,numeric
intermediate,int_applicant_bureau,bureau_months_31plus,bigint
intermediate,int_applicant_bureau,bureau_credit_to_debt_ratio,numeric
intermediate,int_applicant_bureau,bureau_observed_month_count,bigint
intermediate,int_applicant_bureau,bureau_unknown_status_month_count,bigint
intermediate,int_applicant_bureau,bureau_status_conflict_month_count,bigint
intermediate,int_applicant_cc,applicant_id,bigint
intermediate,int_applicant_cc,cc_loan_count,bigint
intermediate,int_applicant_cc,cc_month_count,bigint
intermediate,int_applicant_cc,cc_max_dpd,numeric
intermediate,int_applicant_cc,cc_max_dpd_def,numeric
intermediate,int_applicant_cc,cc_utilization_mean,numeric
intermediate,int_applicant_cc,cc_utilization_max,numeric
intermediate,int_applicant_cc,cc_balance_sum_latest,numeric
intermediate,int_applicant_cc,cc_limit_sum_latest,numeric
intermediate,int_applicant_cc,cc_amount_conflict_month_count,bigint
intermediate,int_applicant_pos,applicant_id,bigint
intermediate,int_applicant_pos,pos_loan_count,bigint
intermediate,int_applicant_pos,pos_month_count,bigint
intermediate,int_applicant_pos,pos_max_dpd,numeric
intermediate,int_applicant_pos,pos_max_dpd_def,numeric
intermediate,int_applicant_pos,pos_delinquent_month_rate,numeric
intermediate,int_applicant_prev,applicant_id,bigint
intermediate,int_applicant_prev,previous_application_count,bigint
intermediate,int_applicant_prev,previous_approved_count,bigint
intermediate,int_applicant_prev,previous_refused_count,bigint
intermediate,int_applicant_prev,previous_refusal_rate,numeric
intermediate,int_applicant_prev,previous_credit_mean,numeric
intermediate,int_applicant_prev,previous_credit_sum,numeric
intermediate,int_applicant_prev,previous_annuity_mean,numeric
intermediate,int_applicant_prev,previous_latest_decision_day,numeric
intermediate,int_applicant_repay,applicant_id,bigint
intermediate,int_applicant_repay,prev_loans_with_installments,bigint
intermediate,int_applicant_repay,installment_count,bigint
intermediate,int_applicant_repay,settled_installment_count,bigint
intermediate,int_applicant_repay,unpaid_installment_count,bigint
intermediate,int_applicant_repay,late_installment_count,bigint
intermediate,int_applicant_repay,max_days_late,numeric
intermediate,int_applicant_repay,mean_days_late,numeric
intermediate,int_applicant_repay,scheduled_installment_amount,numeric
intermediate,int_applicant_repay,installment_paid_amount,numeric
intermediate,int_applicant_repay,measured_installment_paid_amount,numeric
intermediate,int_applicant_repay,installment_outstanding_amount,numeric
intermediate,int_applicant_repay,installment_paid_ratio,numeric
intermediate,int_applicant_repay,installment_late_rate,numeric
intermediate,int_applicant_repay,missing_payment_installment_count,bigint
intermediate,int_applicant_repay,due_day_conflict_installment_count,bigint
intermediate,int_applicant_repay,amount_conflict_installment_count,bigint
intermediate,int_applicant_repay,missing_scheduled_installment_count,bigint
intermediate,int_applicant_repay,future_payment_row_count,bigint
intermediate,int_bureau_loan,applicant_id,bigint
intermediate,int_bureau_loan,bureau_loan_id,bigint
intermediate,int_bureau_loan,credit_status,text
intermediate,int_bureau_loan,credit_currency,text
intermediate,int_bureau_loan,credit_type,text
intermediate,int_bureau_loan,days_credit,numeric
intermediate,int_bureau_loan,days_credit_enddate,numeric
intermediate,int_bureau_loan,days_enddate_fact,numeric
intermediate,int_bureau_loan,days_credit_update,numeric
intermediate,int_bureau_loan,credit_days_overdue,numeric
intermediate,int_bureau_loan,credit_amount,numeric
intermediate,int_bureau_loan,debt_amount,numeric
intermediate,int_bureau_loan,overdue_amount,numeric
intermediate,int_bureau_loan,credit_limit_amount,numeric
intermediate,int_bureau_loan,annuity_amount,numeric
intermediate,int_bureau_loan,observed_month_count,bigint
intermediate,int_bureau_loan,known_dpd_month_count,bigint
intermediate,int_bureau_loan,worst_dpd_lower_bound_days,integer
intermediate,int_bureau_loan,months_31plus,bigint
intermediate,int_bureau_loan,unknown_status_month_count,bigint
intermediate,int_bureau_loan,status_conflict_month_count,bigint
intermediate,int_bureau_month,applicant_id,bigint
intermediate,int_bureau_month,bureau_loan_id,bigint
intermediate,int_bureau_month,relative_month,integer
intermediate,int_bureau_month,dpd_lower_bound_days,integer
intermediate,int_bureau_month,dpd_bucket,text
intermediate,int_bureau_month,source_row_count,bigint
intermediate,int_bureau_month,is_status_conflict,integer
intermediate,int_cc_loan,applicant_id,bigint
intermediate,int_cc_loan,previous_loan_id,bigint
intermediate,int_cc_loan,observed_month_count,bigint
intermediate,int_cc_loan,max_dpd,numeric
intermediate,int_cc_loan,max_dpd_def,numeric
intermediate,int_cc_loan,utilization_sum,numeric
intermediate,int_cc_loan,known_utilization_month_count,bigint
intermediate,int_cc_loan,utilization_max,numeric
intermediate,int_cc_loan,amount_conflict_month_count,bigint
intermediate,int_cc_loan,latest_relative_month,integer
intermediate,int_cc_loan,latest_balance_amount,numeric
intermediate,int_cc_loan,latest_limit_amount,numeric
intermediate,int_cc_month,applicant_id,bigint
intermediate,int_cc_month,previous_loan_id,bigint
intermediate,int_cc_month,relative_month,integer
intermediate,int_cc_month,balance_amount,numeric
intermediate,int_cc_month,credit_limit_amount,numeric
intermediate,int_cc_month,dpd,numeric
intermediate,int_cc_month,dpd_def,numeric
intermediate,int_cc_month,source_row_count,bigint
intermediate,int_cc_month,is_amount_conflict,integer
intermediate,int_cc_month,has_credit_balance,integer
intermediate,int_cc_month,utilization,numeric
intermediate,int_history_exclusion_audit,check_name,text
intermediate,int_history_exclusion_audit,row_count,bigint
intermediate,int_installment,applicant_id,bigint
intermediate,int_installment,previous_loan_id,bigint
intermediate,int_installment,installment_version,numeric
intermediate,int_installment,installment_number,integer
intermediate,int_installment,due_day,numeric
intermediate,int_installment,scheduled_amount,numeric
intermediate,int_installment,source_row_count,bigint
intermediate,int_installment,distinct_due_day_count,integer
intermediate,int_installment,distinct_scheduled_amount_count,integer
intermediate,int_installment,is_due_day_conflict,integer
intermediate,int_installment,is_scheduled_amount_conflict,integer
intermediate,int_installment,future_payment_row_count,bigint
intermediate,int_installment,missing_payment_row_count,bigint
intermediate,int_installment,paid_amount_asof,numeric
intermediate,int_installment,first_payment_day,numeric
intermediate,int_installment,last_payment_day,numeric
intermediate,int_installment,paid_by_due_amount,numeric
intermediate,int_installment,settlement_day,numeric
intermediate,int_installment,is_settled,integer
intermediate,int_installment,has_missing_payment,integer
intermediate,int_installment,is_scheduled_amount_missing,integer
intermediate,int_installment,days_late,numeric
intermediate,int_installment,is_unpaid_asof,integer
intermediate,int_installment,paid_ratio,numeric
intermediate,int_installment,outstanding_amount_asof,numeric
intermediate,int_pos_loan,applicant_id,bigint
intermediate,int_pos_loan,previous_loan_id,bigint
intermediate,int_pos_loan,observed_month_count,bigint
intermediate,int_pos_loan,known_dpd_month_count,bigint
intermediate,int_pos_loan,max_dpd,numeric
intermediate,int_pos_loan,max_dpd_def,numeric
intermediate,int_pos_loan,delinquent_month_count,bigint
intermediate,int_pos_month,applicant_id,bigint
intermediate,int_pos_month,previous_loan_id,bigint
intermediate,int_pos_month,relative_month,integer
intermediate,int_pos_month,dpd,numeric
intermediate,int_pos_month,dpd_def,numeric
intermediate,int_pos_month,installment_count,numeric
intermediate,int_pos_month,future_installment_count,numeric
intermediate,int_pos_month,source_row_count,bigint
intermediate,int_pos_month,is_status_conflict,integer
intermediate,int_prev_loan_repay,applicant_id,bigint
intermediate,int_prev_loan_repay,previous_loan_id,bigint
intermediate,int_prev_loan_repay,installment_count,bigint
intermediate,int_prev_loan_repay,settled_installment_count,bigint
intermediate,int_prev_loan_repay,unpaid_installment_count,bigint
intermediate,int_prev_loan_repay,late_installment_count,bigint
intermediate,int_prev_loan_repay,max_days_late,numeric
intermediate,int_prev_loan_repay,total_days_late,numeric
intermediate,int_prev_loan_repay,measured_installment_count,bigint
intermediate,int_prev_loan_repay,mean_days_late,numeric
intermediate,int_prev_loan_repay,scheduled_installment_amount,numeric
intermediate,int_prev_loan_repay,installment_paid_amount,numeric
intermediate,int_prev_loan_repay,measured_installment_paid_amount,numeric
intermediate,int_prev_loan_repay,installment_outstanding_amount,numeric
intermediate,int_prev_loan_repay,installment_paid_ratio,numeric
intermediate,int_prev_loan_repay,missing_payment_installment_count,bigint
intermediate,int_prev_loan_repay,due_day_conflict_installment_count,bigint
intermediate,int_prev_loan_repay,amount_conflict_installment_count,bigint
intermediate,int_prev_loan_repay,missing_scheduled_installment_count,bigint
intermediate,int_prev_loan_repay,future_payment_row_count,bigint
marts,agg_repayment_monthly,relative_month,integer
marts,agg_repayment_monthly,dpd_bucket,text
marts,agg_repayment_monthly,risk_band,integer
marts,agg_repayment_monthly,contract_id,integer
marts,agg_repayment_monthly,region_rating_id,integer
marts,agg_repayment_monthly,observed_loan_month_count,bigint
marts,agg_repayment_monthly,distinct_applicant_count,bigint
marts,agg_repayment_monthly,months_31plus_count,bigint
marts,agg_repayment_monthly,conflicting_month_count,bigint
marts,applicant_features,applicant_id,bigint
marts,applicant_features,target,integer
marts,applicant_features,contract_type,text
marts,applicant_features,gender,text
marts,applicant_features,owns_car,text
marts,applicant_features,owns_realty,text
marts,applicant_features,children_count,numeric
marts,applicant_features,family_members_count,numeric
marts,applicant_features,income_type,text
marts,applicant_features,education_type,text
marts,applicant_features,family_status,text
marts,applicant_features,housing_type,text
marts,applicant_features,occupation_type,text
marts,applicant_features,region_rating,integer
marts,applicant_features,region_rating_city,integer
marts,applicant_features,income_amount,numeric
marts,applicant_features,credit_amount,numeric
marts,applicant_features,annuity_amount,numeric
marts,applicant_features,goods_amount,numeric
marts,applicant_features,days_birth,numeric
marts,applicant_features,days_employed,numeric
marts,applicant_features,is_employed_missing,integer
marts,applicant_features,is_age_invalid,integer
marts,applicant_features,is_income_invalid,integer
marts,applicant_features,ext_source_1,numeric
marts,applicant_features,ext_source_2,numeric
marts,applicant_features,ext_source_3,numeric
marts,applicant_features,days_registration,numeric
marts,applicant_features,days_id_publish,numeric
marts,applicant_features,days_last_phone_change,numeric
marts,applicant_features,age_years,numeric
marts,applicant_features,employed_years,numeric
marts,applicant_features,credit_to_income,numeric
marts,applicant_features,annuity_to_income,numeric
marts,applicant_features,credit_to_goods,numeric
marts,applicant_features,prev_loans_with_installments,bigint
marts,applicant_features,installment_count,bigint
marts,applicant_features,settled_installment_count,bigint
marts,applicant_features,unpaid_installment_count,bigint
marts,applicant_features,late_installment_count,bigint
marts,applicant_features,max_days_late,numeric
marts,applicant_features,mean_days_late,numeric
marts,applicant_features,scheduled_installment_amount,numeric
marts,applicant_features,installment_paid_amount,numeric
marts,applicant_features,measured_installment_paid_amount,numeric
marts,applicant_features,installment_outstanding_amount,numeric
marts,applicant_features,installment_paid_ratio,numeric
marts,applicant_features,installment_late_rate,numeric
marts,applicant_features,missing_payment_installment_count,bigint
marts,applicant_features,due_day_conflict_installment_count,bigint
marts,applicant_features,amount_conflict_installment_count,bigint
marts,applicant_features,missing_scheduled_installment_count,bigint
marts,applicant_features,future_payment_row_count,bigint
marts,applicant_features,bureau_loan_count,bigint
marts,applicant_features,bureau_active_loan_count,bigint
marts,applicant_features,bureau_closed_loan_count,bigint
marts,applicant_features,bureau_credit_sum,numeric
marts,applicant_features,bureau_debt_sum,numeric
marts,applicant_features,bureau_overdue_sum,numeric
marts,applicant_features,bureau_max_dpd,numeric
marts,applicant_features,bureau_months_31plus,bigint
marts,applicant_features,bureau_credit_to_debt_ratio,numeric
marts,applicant_features,bureau_observed_month_count,bigint
marts,applicant_features,bureau_unknown_status_month_count,bigint
marts,applicant_features,bureau_status_conflict_month_count,bigint
marts,applicant_features,previous_application_count,bigint
marts,applicant_features,previous_approved_count,bigint
marts,applicant_features,previous_refused_count,bigint
marts,applicant_features,previous_refusal_rate,numeric
marts,applicant_features,previous_credit_mean,numeric
marts,applicant_features,previous_credit_sum,numeric
marts,applicant_features,previous_annuity_mean,numeric
marts,applicant_features,previous_latest_decision_day,numeric
marts,applicant_features,pos_loan_count,bigint
marts,applicant_features,pos_month_count,bigint
marts,applicant_features,pos_max_dpd,numeric
marts,applicant_features,pos_max_dpd_def,numeric
marts,applicant_features,pos_delinquent_month_rate,numeric
marts,applicant_features,cc_loan_count,bigint
marts,applicant_features,cc_month_count,bigint
marts,applicant_features,cc_max_dpd,numeric
marts,applicant_features,cc_max_dpd_def,numeric
marts,applicant_features,cc_utilization_mean,numeric
marts,applicant_features,cc_utilization_max,numeric
marts,applicant_features,cc_balance_sum_latest,numeric
marts,applicant_features,cc_limit_sum_latest,numeric
marts,applicant_features,cc_amount_conflict_month_count,bigint
marts,cutoff_table,requested_validation_approval_rate,double precision
marts,cutoff_table,pd_cutoff,double precision
marts,cutoff_table,score_cutoff,double precision
marts,cutoff_table,threshold_source,text
marts,cutoff_table,approval_rule,text
marts,cutoff_table,validation_applicants,double precision
marts,cutoff_table,validation_approved_count,double precision
marts,cutoff_table,validation_approval_rate,double precision
marts,cutoff_table,validation_bad_count,double precision
marts,cutoff_table,validation_bad_rate,double precision
marts,cutoff_table,validation_bad_rate_ci_low,double precision
marts,cutoff_table,validation_bad_rate_ci_high,double precision
marts,cutoff_table,validation_expected_bad_rate,double precision
marts,cutoff_table,validation_expected_loss,double precision
marts,cutoff_table,validation_approved_known_ead_count,double precision
marts,cutoff_table,validation_approved_missing_ead_count,double precision
marts,cutoff_table,validation_expected_loss_coverage_rate,double precision
marts,cutoff_table,validation_expected_loss_per_approved,double precision
marts,cutoff_table,validation_expected_loss_per_approved_denominator,text
marts,cutoff_table,validation_expected_loss_per_approved_known_ead,double precision
marts,cutoff_table,validation_approved_ead,double precision
marts,cutoff_table,test_applicants,double precision
marts,cutoff_table,test_approved_count,double precision
marts,cutoff_table,test_approval_rate,double precision
marts,cutoff_table,test_bad_count,double precision
marts,cutoff_table,test_bad_rate,double precision
marts,cutoff_table,test_bad_rate_ci_low,double precision
marts,cutoff_table,test_bad_rate_ci_high,double precision
marts,cutoff_table,test_expected_bad_rate,double precision
marts,cutoff_table,test_expected_loss,double precision
marts,cutoff_table,test_approved_known_ead_count,double precision
marts,cutoff_table,test_approved_missing_ead_count,double precision
marts,cutoff_table,test_expected_loss_coverage_rate,double precision
marts,cutoff_table,test_expected_loss_per_approved,double precision
marts,cutoff_table,test_expected_loss_per_approved_denominator,text
marts,cutoff_table,test_expected_loss_per_approved_known_ead,double precision
marts,cutoff_table,test_approved_ead,double precision
marts,dim_contract,contract_id,integer
marts,dim_contract,contract_type,text
marts,dim_profile,profile_id,integer
marts,dim_profile,income_type,text
marts,dim_profile,education_type,text
marts,dim_profile,family_status,text
marts,dim_profile,age_band,text
marts,dim_region_rating,region_rating_id,integer
marts,dim_region_rating,region_rating,integer
marts,dim_region_rating,region_rating_city,integer
marts,dim_risk_band,risk_band,integer
marts,dim_risk_band,risk_band_name,text
marts,dim_risk_band,min_scored_pd,double precision
marts,dim_risk_band,max_scored_pd,double precision
marts,dim_risk_band,applicants,bigint
marts,dim_risk_band,test_applicants,bigint
marts,dim_risk_band,test_bad_rate,numeric
marts,dim_risk_band,test_mean_predicted_pd,double precision
marts,dim_risk_band,validation_applicants,bigint
marts,dim_risk_band,validation_bad_rate,numeric
marts,dim_risk_band,band_definition,text
marts,fact_application,applicant_id,bigint
marts,fact_application,target,integer
marts,fact_application,contract_type,text
marts,fact_application,gender,text
marts,fact_application,owns_car,text
marts,fact_application,owns_realty,text
marts,fact_application,children_count,numeric
marts,fact_application,family_members_count,numeric
marts,fact_application,income_type,text
marts,fact_application,education_type,text
marts,fact_application,family_status,text
marts,fact_application,housing_type,text
marts,fact_application,occupation_type,text
marts,fact_application,region_rating,integer
marts,fact_application,region_rating_city,integer
marts,fact_application,income_amount,numeric
marts,fact_application,credit_amount,numeric
marts,fact_application,annuity_amount,numeric
marts,fact_application,goods_amount,numeric
marts,fact_application,days_birth,numeric
marts,fact_application,days_employed,numeric
marts,fact_application,is_employed_missing,integer
marts,fact_application,is_age_invalid,integer
marts,fact_application,is_income_invalid,integer
marts,fact_application,ext_source_1,numeric
marts,fact_application,ext_source_2,numeric
marts,fact_application,ext_source_3,numeric
marts,fact_application,days_registration,numeric
marts,fact_application,days_id_publish,numeric
marts,fact_application,days_last_phone_change,numeric
marts,fact_application,age_years,numeric
marts,fact_application,employed_years,numeric
marts,fact_application,credit_to_income,numeric
marts,fact_application,annuity_to_income,numeric
marts,fact_application,credit_to_goods,numeric
marts,fact_application,prev_loans_with_installments,bigint
marts,fact_application,installment_count,bigint
marts,fact_application,settled_installment_count,bigint
marts,fact_application,unpaid_installment_count,bigint
marts,fact_application,late_installment_count,bigint
marts,fact_application,max_days_late,numeric
marts,fact_application,mean_days_late,numeric
marts,fact_application,scheduled_installment_amount,numeric
marts,fact_application,installment_paid_amount,numeric
marts,fact_application,measured_installment_paid_amount,numeric
marts,fact_application,installment_outstanding_amount,numeric
marts,fact_application,installment_paid_ratio,numeric
marts,fact_application,installment_late_rate,numeric
marts,fact_application,missing_payment_installment_count,bigint
marts,fact_application,due_day_conflict_installment_count,bigint
marts,fact_application,amount_conflict_installment_count,bigint
marts,fact_application,missing_scheduled_installment_count,bigint
marts,fact_application,future_payment_row_count,bigint
marts,fact_application,bureau_loan_count,bigint
marts,fact_application,bureau_active_loan_count,bigint
marts,fact_application,bureau_closed_loan_count,bigint
marts,fact_application,bureau_credit_sum,numeric
marts,fact_application,bureau_debt_sum,numeric
marts,fact_application,bureau_overdue_sum,numeric
marts,fact_application,bureau_max_dpd,numeric
marts,fact_application,bureau_months_31plus,bigint
marts,fact_application,bureau_credit_to_debt_ratio,numeric
marts,fact_application,bureau_observed_month_count,bigint
marts,fact_application,bureau_unknown_status_month_count,bigint
marts,fact_application,bureau_status_conflict_month_count,bigint
marts,fact_application,previous_application_count,bigint
marts,fact_application,previous_approved_count,bigint
marts,fact_application,previous_refused_count,bigint
marts,fact_application,previous_refusal_rate,numeric
marts,fact_application,previous_credit_mean,numeric
marts,fact_application,previous_credit_sum,numeric
marts,fact_application,previous_annuity_mean,numeric
marts,fact_application,previous_latest_decision_day,numeric
marts,fact_application,pos_loan_count,bigint
marts,fact_application,pos_month_count,bigint
marts,fact_application,pos_max_dpd,numeric
marts,fact_application,pos_max_dpd_def,numeric
marts,fact_application,pos_delinquent_month_rate,numeric
marts,fact_application,cc_loan_count,bigint
marts,fact_application,cc_month_count,bigint
marts,fact_application,cc_max_dpd,numeric
marts,fact_application,cc_max_dpd_def,numeric
marts,fact_application,cc_utilization_mean,numeric
marts,fact_application,cc_utilization_max,numeric
marts,fact_application,cc_balance_sum_latest,numeric
marts,fact_application,cc_limit_sum_latest,numeric
marts,fact_application,cc_amount_conflict_month_count,bigint
marts,fact_application,profile_id,integer
marts,fact_application,contract_id,integer
marts,fact_application,region_rating_id,integer
marts,fact_application,pd,double precision
marts,fact_application,risk_score,double precision
marts,fact_application,risk_band,integer
marts,fact_application,expected_loss,double precision
marts,fact_application,split,text
marts,fact_application,model_version,text
marts,fact_application,ead_proxy,numeric
marts,fact_repayment_monthly,applicant_id,bigint
marts,fact_repayment_monthly,bureau_loan_id,bigint
marts,fact_repayment_monthly,relative_month,integer
marts,fact_repayment_monthly,dpd_bucket,text
marts,fact_repayment_monthly,dpd_lower_bound_days,integer
marts,fact_repayment_monthly,source_row_count,bigint
marts,fact_repayment_monthly,is_status_conflict,integer
marts,fact_repayment_monthly,profile_id,integer
marts,fact_repayment_monthly,contract_id,integer
marts,fact_repayment_monthly,region_rating_id,integer
marts,fact_repayment_monthly,risk_band,integer
marts,fact_roll_rate,relative_month,integer
marts,fact_roll_rate,from_bucket,text
marts,fact_roll_rate,to_bucket,text
marts,fact_roll_rate,risk_band,integer
marts,fact_roll_rate,contract_id,integer
marts,fact_roll_rate,region_rating_id,integer
marts,fact_roll_rate,transition_count,bigint
marts,fact_roll_rate,from_bucket_count,bigint
marts,fact_roll_rate,roll_rate,numeric
marts,model_scores,applicant_id,bigint
marts,model_scores,target,integer
marts,model_scores,pd,double precision
marts,model_scores,risk_score,double precision
marts,model_scores,risk_band,integer
marts,model_scores,expected_loss,double precision
marts,model_scores,split,text
marts,model_scores,model_version,text
marts,risk_band_metrics,split,text
marts,risk_band_metrics,risk_band,double precision
marts,risk_band_metrics,applicants,double precision
marts,risk_band_metrics,bad_count,double precision
marts,risk_band_metrics,bad_rate,double precision
marts,risk_band_metrics,bad_rate_ci_low,double precision
marts,risk_band_metrics,bad_rate_ci_high,double precision
marts,risk_band_metrics,mean_predicted_pd,double precision
marts,risk_band_metrics,min_pd,double precision
marts,risk_band_metrics,max_pd,double precision
marts,risk_band_metrics,mean_risk_score,double precision
marts,risk_band_metrics,expected_loss,double precision
marts,risk_band_metrics,known_ead_count,double precision
marts,risk_band_metrics,missing_ead_count,double precision
marts,risk_band_metrics,expected_loss_coverage_rate,double precision
marts,risk_band_metrics,observed_rate_monotonicity_violation,text
marts,risk_band_metrics,compared_previous_nonempty_band,double precision
raw,application_train,SK_ID_CURR,bigint
raw,application_train,TARGET,bigint
raw,application_train,NAME_CONTRACT_TYPE,text
raw,application_train,CODE_GENDER,text
raw,application_train,FLAG_OWN_CAR,text
raw,application_train,FLAG_OWN_REALTY,text
raw,application_train,CNT_CHILDREN,bigint
raw,application_train,AMT_INCOME_TOTAL,numeric
raw,application_train,AMT_CREDIT,numeric
raw,application_train,AMT_ANNUITY,numeric
raw,application_train,AMT_GOODS_PRICE,numeric
raw,application_train,NAME_TYPE_SUITE,text
raw,application_train,NAME_INCOME_TYPE,text
raw,application_train,NAME_EDUCATION_TYPE,text
raw,application_train,NAME_FAMILY_STATUS,text
raw,application_train,NAME_HOUSING_TYPE,text
raw,application_train,REGION_POPULATION_RELATIVE,numeric
raw,application_train,DAYS_BIRTH,bigint
raw,application_train,DAYS_EMPLOYED,bigint
raw,application_train,DAYS_REGISTRATION,numeric
raw,application_train,DAYS_ID_PUBLISH,bigint
raw,application_train,OWN_CAR_AGE,numeric
raw,application_train,FLAG_MOBIL,bigint
raw,application_train,FLAG_EMP_PHONE,bigint
raw,application_train,FLAG_WORK_PHONE,bigint
raw,application_train,FLAG_CONT_MOBILE,bigint
raw,application_train,FLAG_PHONE,bigint
raw,application_train,FLAG_EMAIL,bigint
raw,application_train,OCCUPATION_TYPE,text
raw,application_train,CNT_FAM_MEMBERS,numeric
raw,application_train,REGION_RATING_CLIENT,bigint
raw,application_train,REGION_RATING_CLIENT_W_CITY,bigint
raw,application_train,WEEKDAY_APPR_PROCESS_START,text
raw,application_train,HOUR_APPR_PROCESS_START,bigint
raw,application_train,REG_REGION_NOT_LIVE_REGION,bigint
raw,application_train,REG_REGION_NOT_WORK_REGION,bigint
raw,application_train,LIVE_REGION_NOT_WORK_REGION,bigint
raw,application_train,REG_CITY_NOT_LIVE_CITY,bigint
raw,application_train,REG_CITY_NOT_WORK_CITY,bigint
raw,application_train,LIVE_CITY_NOT_WORK_CITY,bigint
raw,application_train,ORGANIZATION_TYPE,text
raw,application_train,EXT_SOURCE_1,numeric
raw,application_train,EXT_SOURCE_2,numeric
raw,application_train,EXT_SOURCE_3,numeric
raw,application_train,APARTMENTS_AVG,numeric
raw,application_train,BASEMENTAREA_AVG,numeric
raw,application_train,YEARS_BEGINEXPLUATATION_AVG,numeric
raw,application_train,YEARS_BUILD_AVG,numeric
raw,application_train,COMMONAREA_AVG,numeric
raw,application_train,ELEVATORS_AVG,numeric
raw,application_train,ENTRANCES_AVG,numeric
raw,application_train,FLOORSMAX_AVG,numeric
raw,application_train,FLOORSMIN_AVG,numeric
raw,application_train,LANDAREA_AVG,numeric
raw,application_train,LIVINGAPARTMENTS_AVG,numeric
raw,application_train,LIVINGAREA_AVG,numeric
raw,application_train,NONLIVINGAPARTMENTS_AVG,numeric
raw,application_train,NONLIVINGAREA_AVG,numeric
raw,application_train,APARTMENTS_MODE,numeric
raw,application_train,BASEMENTAREA_MODE,numeric
raw,application_train,YEARS_BEGINEXPLUATATION_MODE,numeric
raw,application_train,YEARS_BUILD_MODE,numeric
raw,application_train,COMMONAREA_MODE,numeric
raw,application_train,ELEVATORS_MODE,numeric
raw,application_train,ENTRANCES_MODE,numeric
raw,application_train,FLOORSMAX_MODE,numeric
raw,application_train,FLOORSMIN_MODE,numeric
raw,application_train,LANDAREA_MODE,numeric
raw,application_train,LIVINGAPARTMENTS_MODE,numeric
raw,application_train,LIVINGAREA_MODE,numeric
raw,application_train,NONLIVINGAPARTMENTS_MODE,numeric
raw,application_train,NONLIVINGAREA_MODE,numeric
raw,application_train,APARTMENTS_MEDI,numeric
raw,application_train,BASEMENTAREA_MEDI,numeric
raw,application_train,YEARS_BEGINEXPLUATATION_MEDI,numeric
raw,application_train,YEARS_BUILD_MEDI,numeric
raw,application_train,COMMONAREA_MEDI,numeric
raw,application_train,ELEVATORS_MEDI,numeric
raw,application_train,ENTRANCES_MEDI,numeric
raw,application_train,FLOORSMAX_MEDI,numeric
raw,application_train,FLOORSMIN_MEDI,numeric
raw,application_train,LANDAREA_MEDI,numeric
raw,application_train,LIVINGAPARTMENTS_MEDI,numeric
raw,application_train,LIVINGAREA_MEDI,numeric
raw,application_train,NONLIVINGAPARTMENTS_MEDI,numeric
raw,application_train,NONLIVINGAREA_MEDI,numeric
raw,application_train,FONDKAPREMONT_MODE,text
raw,application_train,HOUSETYPE_MODE,text
raw,application_train,TOTALAREA_MODE,numeric
raw,application_train,WALLSMATERIAL_MODE,text
raw,application_train,EMERGENCYSTATE_MODE,text
raw,application_train,OBS_30_CNT_SOCIAL_CIRCLE,numeric
raw,application_train,DEF_30_CNT_SOCIAL_CIRCLE,numeric
raw,application_train,OBS_60_CNT_SOCIAL_CIRCLE,numeric
raw,application_train,DEF_60_CNT_SOCIAL_CIRCLE,numeric
raw,application_train,DAYS_LAST_PHONE_CHANGE,numeric
raw,application_train,FLAG_DOCUMENT_2,bigint
raw,application_train,FLAG_DOCUMENT_3,bigint
raw,application_train,FLAG_DOCUMENT_4,bigint
raw,application_train,FLAG_DOCUMENT_5,bigint
raw,application_train,FLAG_DOCUMENT_6,bigint
raw,application_train,FLAG_DOCUMENT_7,bigint
raw,application_train,FLAG_DOCUMENT_8,bigint
raw,application_train,FLAG_DOCUMENT_9,bigint
raw,application_train,FLAG_DOCUMENT_10,bigint
raw,application_train,FLAG_DOCUMENT_11,bigint
raw,application_train,FLAG_DOCUMENT_12,bigint
raw,application_train,FLAG_DOCUMENT_13,bigint
raw,application_train,FLAG_DOCUMENT_14,bigint
raw,application_train,FLAG_DOCUMENT_15,bigint
raw,application_train,FLAG_DOCUMENT_16,bigint
raw,application_train,FLAG_DOCUMENT_17,bigint
raw,application_train,FLAG_DOCUMENT_18,bigint
raw,application_train,FLAG_DOCUMENT_19,bigint
raw,application_train,FLAG_DOCUMENT_20,bigint
raw,application_train,FLAG_DOCUMENT_21,bigint
raw,application_train,AMT_REQ_CREDIT_BUREAU_HOUR,numeric
raw,application_train,AMT_REQ_CREDIT_BUREAU_DAY,numeric
raw,application_train,AMT_REQ_CREDIT_BUREAU_WEEK,numeric
raw,application_train,AMT_REQ_CREDIT_BUREAU_MON,numeric
raw,application_train,AMT_REQ_CREDIT_BUREAU_QRT,numeric
raw,application_train,AMT_REQ_CREDIT_BUREAU_YEAR,numeric
raw,bureau,SK_ID_CURR,bigint
raw,bureau,SK_ID_BUREAU,bigint
raw,bureau,CREDIT_ACTIVE,text
raw,bureau,CREDIT_CURRENCY,text
raw,bureau,DAYS_CREDIT,bigint
raw,bureau,CREDIT_DAY_OVERDUE,bigint
raw,bureau,DAYS_CREDIT_ENDDATE,numeric
raw,bureau,DAYS_ENDDATE_FACT,numeric
raw,bureau,AMT_CREDIT_MAX_OVERDUE,numeric
raw,bureau,CNT_CREDIT_PROLONG,bigint
raw,bureau,AMT_CREDIT_SUM,numeric
raw,bureau,AMT_CREDIT_SUM_DEBT,numeric
raw,bureau,AMT_CREDIT_SUM_LIMIT,numeric
raw,bureau,AMT_CREDIT_SUM_OVERDUE,numeric
raw,bureau,CREDIT_TYPE,text
raw,bureau,DAYS_CREDIT_UPDATE,bigint
raw,bureau,AMT_ANNUITY,numeric
raw,bureau_balance,SK_ID_BUREAU,bigint
raw,bureau_balance,MONTHS_BALANCE,bigint
raw,bureau_balance,STATUS,text
raw,credit_card_balance,SK_ID_PREV,bigint
raw,credit_card_balance,SK_ID_CURR,bigint
raw,credit_card_balance,MONTHS_BALANCE,bigint
raw,credit_card_balance,AMT_BALANCE,numeric
raw,credit_card_balance,AMT_CREDIT_LIMIT_ACTUAL,bigint
raw,credit_card_balance,AMT_DRAWINGS_ATM_CURRENT,numeric
raw,credit_card_balance,AMT_DRAWINGS_CURRENT,numeric
raw,credit_card_balance,AMT_DRAWINGS_OTHER_CURRENT,numeric
raw,credit_card_balance,AMT_DRAWINGS_POS_CURRENT,numeric
raw,credit_card_balance,AMT_INST_MIN_REGULARITY,numeric
raw,credit_card_balance,AMT_PAYMENT_CURRENT,numeric
raw,credit_card_balance,AMT_PAYMENT_TOTAL_CURRENT,numeric
raw,credit_card_balance,AMT_RECEIVABLE_PRINCIPAL,numeric
raw,credit_card_balance,AMT_RECIVABLE,numeric
raw,credit_card_balance,AMT_TOTAL_RECEIVABLE,numeric
raw,credit_card_balance,CNT_DRAWINGS_ATM_CURRENT,numeric
raw,credit_card_balance,CNT_DRAWINGS_CURRENT,bigint
raw,credit_card_balance,CNT_DRAWINGS_OTHER_CURRENT,numeric
raw,credit_card_balance,CNT_DRAWINGS_POS_CURRENT,numeric
raw,credit_card_balance,CNT_INSTALMENT_MATURE_CUM,numeric
raw,credit_card_balance,NAME_CONTRACT_STATUS,text
raw,credit_card_balance,SK_DPD,bigint
raw,credit_card_balance,SK_DPD_DEF,bigint
raw,installments_payments,SK_ID_PREV,bigint
raw,installments_payments,SK_ID_CURR,bigint
raw,installments_payments,NUM_INSTALMENT_VERSION,numeric
raw,installments_payments,NUM_INSTALMENT_NUMBER,bigint
raw,installments_payments,DAYS_INSTALMENT,numeric
raw,installments_payments,DAYS_ENTRY_PAYMENT,numeric
raw,installments_payments,AMT_INSTALMENT,numeric
raw,installments_payments,AMT_PAYMENT,numeric
raw,pos_cash_balance,SK_ID_PREV,bigint
raw,pos_cash_balance,SK_ID_CURR,bigint
raw,pos_cash_balance,MONTHS_BALANCE,bigint
raw,pos_cash_balance,CNT_INSTALMENT,numeric
raw,pos_cash_balance,CNT_INSTALMENT_FUTURE,numeric
raw,pos_cash_balance,NAME_CONTRACT_STATUS,text
raw,pos_cash_balance,SK_DPD,bigint
raw,pos_cash_balance,SK_DPD_DEF,bigint
raw,previous_application,SK_ID_PREV,bigint
raw,previous_application,SK_ID_CURR,bigint
raw,previous_application,NAME_CONTRACT_TYPE,text
raw,previous_application,AMT_ANNUITY,numeric
raw,previous_application,AMT_APPLICATION,numeric
raw,previous_application,AMT_CREDIT,numeric
raw,previous_application,AMT_DOWN_PAYMENT,numeric
raw,previous_application,AMT_GOODS_PRICE,numeric
raw,previous_application,WEEKDAY_APPR_PROCESS_START,text
raw,previous_application,HOUR_APPR_PROCESS_START,bigint
raw,previous_application,FLAG_LAST_APPL_PER_CONTRACT,text
raw,previous_application,NFLAG_LAST_APPL_IN_DAY,bigint
raw,previous_application,RATE_DOWN_PAYMENT,numeric
raw,previous_application,RATE_INTEREST_PRIMARY,numeric
raw,previous_application,RATE_INTEREST_PRIVILEGED,numeric
raw,previous_application,NAME_CASH_LOAN_PURPOSE,text
raw,previous_application,NAME_CONTRACT_STATUS,text
raw,previous_application,DAYS_DECISION,bigint
raw,previous_application,NAME_PAYMENT_TYPE,text
raw,previous_application,CODE_REJECT_REASON,text
raw,previous_application,NAME_TYPE_SUITE,text
raw,previous_application,NAME_CLIENT_TYPE,text
raw,previous_application,NAME_GOODS_CATEGORY,text
raw,previous_application,NAME_PORTFOLIO,text
raw,previous_application,NAME_PRODUCT_TYPE,text
raw,previous_application,CHANNEL_TYPE,text
raw,previous_application,SELLERPLACE_AREA,bigint
raw,previous_application,NAME_SELLER_INDUSTRY,text
raw,previous_application,CNT_PAYMENT,numeric
raw,previous_application,NAME_YIELD_GROUP,text
raw,previous_application,PRODUCT_COMBINATION,text
raw,previous_application,DAYS_FIRST_DRAWING,numeric
raw,previous_application,DAYS_FIRST_DUE,numeric
raw,previous_application,DAYS_LAST_DUE_1ST_VERSION,numeric
raw,previous_application,DAYS_LAST_DUE,numeric
raw,previous_application,DAYS_TERMINATION,numeric
raw,previous_application,NFLAG_INSURED_ON_APPROVAL,numeric
staging,application,applicant_id,bigint
staging,application,target,integer
staging,application,contract_type,text
staging,application,gender,text
staging,application,owns_car,text
staging,application,owns_realty,text
staging,application,children_count,numeric
staging,application,family_members_count,numeric
staging,application,income_type,text
staging,application,education_type,text
staging,application,family_status,text
staging,application,housing_type,text
staging,application,occupation_type,text
staging,application,region_rating,integer
staging,application,region_rating_city,integer
staging,application,income_amount,numeric
staging,application,credit_amount,numeric
staging,application,annuity_amount,numeric
staging,application,goods_amount,numeric
staging,application,days_birth,numeric
staging,application,days_employed,numeric
staging,application,is_employed_missing,integer
staging,application,is_age_invalid,integer
staging,application,is_income_invalid,integer
staging,application,ext_source_1,numeric
staging,application,ext_source_2,numeric
staging,application,ext_source_3,numeric
staging,application,days_registration,numeric
staging,application,days_id_publish,numeric
staging,application,days_last_phone_change,numeric
staging,application,age_years,numeric
staging,application,employed_years,numeric
staging,application,credit_to_income,numeric
staging,application,annuity_to_income,numeric
staging,application,credit_to_goods,numeric
staging,bureau,applicant_id,bigint
staging,bureau,bureau_loan_id,bigint
staging,bureau,credit_status,text
staging,bureau,credit_currency,text
staging,bureau,credit_type,text
staging,bureau,days_credit,numeric
staging,bureau,days_credit_enddate,numeric
staging,bureau,days_enddate_fact,numeric
staging,bureau,days_credit_update,numeric
staging,bureau,credit_days_overdue,numeric
staging,bureau,credit_amount,numeric
staging,bureau,debt_amount,numeric
staging,bureau,overdue_amount,numeric
staging,bureau,credit_limit_amount,numeric
staging,bureau,annuity_amount,numeric
staging,bureau_balance,bureau_loan_id,bigint
staging,bureau_balance,relative_month,integer
staging,bureau_balance,status_code,text
staging,bureau_balance,dpd_bucket,text
staging,bureau_balance,dpd_lower_bound_days,integer
staging,credit_card_balance,applicant_id,bigint
staging,credit_card_balance,previous_loan_id,bigint
staging,credit_card_balance,relative_month,integer
staging,credit_card_balance,contract_status,text
staging,credit_card_balance,balance_amount,numeric
staging,credit_card_balance,is_credit_balance,integer
staging,credit_card_balance,credit_limit_amount,numeric
staging,credit_card_balance,payment_amount,numeric
staging,credit_card_balance,drawings_amount,numeric
staging,credit_card_balance,dpd,numeric
staging,credit_card_balance,dpd_def,numeric
staging,credit_card_balance,utilization,numeric
staging,installments_payments,applicant_id,bigint
staging,installments_payments,previous_loan_id,bigint
staging,installments_payments,installment_version,numeric
staging,installments_payments,installment_number,integer
staging,installments_payments,due_day,numeric
staging,installments_payments,payment_day,numeric
staging,installments_payments,scheduled_amount,numeric
staging,installments_payments,payment_amount,numeric
staging,installments_payments,days_late,numeric
staging,installments_payments,is_payment_amount_missing,integer
staging,installments_payments,is_payment_day_missing,integer
staging,pos_cash_balance,applicant_id,bigint
staging,pos_cash_balance,previous_loan_id,bigint
staging,pos_cash_balance,relative_month,integer
staging,pos_cash_balance,contract_status,text
staging,pos_cash_balance,installment_count,numeric
staging,pos_cash_balance,future_installment_count,numeric
staging,pos_cash_balance,dpd,numeric
staging,pos_cash_balance,dpd_def,numeric
staging,previous_application,applicant_id,bigint
staging,previous_application,previous_loan_id,bigint
staging,previous_application,contract_type,text
staging,previous_application,application_status,text
staging,previous_application,payment_type,text
staging,previous_application,reject_reason,text
staging,previous_application,client_type,text
staging,previous_application,goods_category,text
staging,previous_application,yield_group,text
staging,previous_application,application_amount,numeric
staging,previous_application,credit_amount,numeric
staging,previous_application,annuity_amount,numeric
staging,previous_application,goods_amount,numeric
staging,previous_application,down_payment_amount,numeric
staging,previous_application,scheduled_payment_count,numeric
staging,previous_application,days_decision,numeric
staging,previous_application,days_first_drawing,numeric
staging,previous_application,days_first_due,numeric
staging,previous_application,days_last_due_first_version,numeric
staging,previous_application,days_last_due,numeric
staging,previous_application,days_termination,numeric
staging,previous_application,is_first_drawing_sentinel,integer
staging,previous_application,is_first_due_sentinel,integer
staging,previous_application,is_last_due_first_version_sentinel,integer
staging,previous_application,is_last_due_sentinel,integer
staging,previous_application,is_termination_sentinel,integer
