risk_band,risk_band_name,min_scored_pd,max_scored_pd,applicants,test_applicants,test_bad_rate,test_mean_predicted_pd,validation_applicants,validation_bad_rate,band_definition
8,Band 8,0.09245096780554707,0.12286188154015015,30922,6177,0.10717176622956127570,0.10650298323304451,6150,0.11691056910569105691,"Validation prediction deciles; 1 lowest risk, 10 highest risk"
7,Band 7,0.0715447421290746,0.09244911815048819,30915,6123,0.08247591050138820839,0.08143922096473645,6150,0.07837398373983739837,"Validation prediction deciles; 1 lowest risk, 10 highest risk"
9,Band 9,0.12286426448694282,0.1771863380291579,30471,6081,0.14701529353724716330,0.14643601709537143,6150,0.14926829268292682927,"Validation prediction deciles; 1 lowest risk, 10 highest risk"
10,Band 10,0.17718718537096248,0.6788351450113091,31018,6311,0.25637775312945650452,0.25588138740180993,6151,0.25556820029263534385,"Validation prediction deciles; 1 lowest risk, 10 highest risk"
1,Band 1,0.002195751111910179,0.01734822433863042,30617,6158,0.01152971744072750893,0.012372622410046816,6151,0.01430661681027475207,"Validation prediction deciles; 1 lowest risk, 10 highest risk"
5,Band 5,0.044106388503871684,0.05622753201232924,30864,6037,0.04853404008613549776,0.04990558865872717,6150,0.04601626016260162602,"Validation prediction deciles; 1 lowest risk, 10 highest risk"
2,Band 2,0.017349581487579823,0.02547011468370952,30231,5980,0.02073578595317725753,0.021435377093679875,6150,0.02341463414634146341,"Validation prediction deciles; 1 lowest risk, 10 highest risk"
4,Band 4,0.03418395593323942,0.044106241036011545,30853,6241,0.03749399134754045826,0.03899924984422329,6150,0.03707317073170731707,"Validation prediction deciles; 1 lowest risk, 10 highest risk"
6,Band 6,0.056227851954055975,0.07154444461730101,30773,6232,0.06322207958921694480,0.06356989637020954,6150,0.05934959349593495935,"Validation prediction deciles; 1 lowest risk, 10 highest risk"
3,Band 3,0.02547058166896449,0.03418371287569084,30847,6163,0.02758396884634106766,0.02970903643394462,6150,0.02699186991869918699,"Validation prediction deciles; 1 lowest risk, 10 highest risk"
