check_name,table_name,column_name,metric_value,row_count,issue_count,status,details,checked_at
income_outlier_gt_10m,application_train,AMT_INCOME_TOTAL,3,307511,3,WARN,"{""policy"": ""audit only; no automatic deletion"", ""threshold"": 10000000}",2026-10-08 07:27:53.166715+05:30
invalid_age,application_train,DAYS_BIRTH,0,307511,0,PASS,"{""bounds"": ""negative days, age <=100 years"", ""policy"": ""NULL invalid age in staging""}",2026-10-08 07:27:53.166715+05:30
invalid_target,application_train,TARGET,0,307511,0,PASS,"{""policy"": ""blocking training outcome validation"", ""allowed"": [0, 1]}",2026-10-08 07:27:53.166715+05:30
negative_amount,application_train,AMT_ANNUITY,0,307511,0,PASS,"{""policy"": ""unexpected negatives audited; analyzed amount fields NULL in staging""}",2026-10-08 07:27:53.166715+05:30
negative_amount,application_train,AMT_CREDIT,0,307511,0,PASS,"{""policy"": ""unexpected negatives audited; analyzed amount fields NULL in staging""}",2026-10-08 07:27:53.166715+05:30
negative_amount,application_train,AMT_GOODS_PRICE,0,307511,0,PASS,"{""policy"": ""unexpected negatives audited; analyzed amount fields NULL in staging""}",2026-10-08 07:27:53.166715+05:30
negative_amount,application_train,AMT_INCOME_TOTAL,0,307511,0,PASS,"{""policy"": ""unexpected negatives audited; analyzed amount fields NULL in staging""}",2026-10-08 07:27:53.166715+05:30
negative_amount,application_train,AMT_REQ_CREDIT_BUREAU_DAY,0,307511,0,PASS,"{""policy"": ""unexpected negatives audited; analyzed amount fields NULL in staging""}",2026-10-08 07:27:53.166715+05:30
negative_amount,application_train,AMT_REQ_CREDIT_BUREAU_HOUR,0,307511,0,PASS,"{""policy"": ""unexpected negatives audited; analyzed amount fields NULL in staging""}",2026-10-08 07:27:53.166715+05:30
negative_amount,application_train,AMT_REQ_CREDIT_BUREAU_MON,0,307511,0,PASS,"{""policy"": ""unexpected negatives audited; analyzed amount fields NULL in staging""}",2026-10-08 07:27:53.166715+05:30
negative_amount,application_train,AMT_REQ_CREDIT_BUREAU_QRT,0,307511,0,PASS,"{""policy"": ""unexpected negatives audited; analyzed amount fields NULL in staging""}",2026-10-08 07:27:53.166715+05:30
negative_amount,application_train,AMT_REQ_CREDIT_BUREAU_WEEK,0,307511,0,PASS,"{""policy"": ""unexpected negatives audited; analyzed amount fields NULL in staging""}",2026-10-08 07:27:53.166715+05:30
negative_amount,application_train,AMT_REQ_CREDIT_BUREAU_YEAR,0,307511,0,PASS,"{""policy"": ""unexpected negatives audited; analyzed amount fields NULL in staging""}",2026-10-08 07:27:53.166715+05:30
nonpositive_income,application_train,AMT_INCOME_TOTAL,0,307511,0,PASS,"{""policy"": ""NULL invalid income and derived denominator ratios""}",2026-10-08 07:27:53.166715+05:30
null_pct,application_train,AMT_ANNUITY,0.00390229942993909161,307511,12,WARN,"{""unit"": ""percent"", ""policy"": ""missingness profiled, no raw mutation""}",2026-10-08 07:27:53.166715+05:30
null_pct,application_train,AMT_CREDIT,0.000000000000000000000000,307511,0,PASS,"{""unit"": ""percent"", ""policy"": ""missingness profiled, no raw mutation""}",2026-10-08 07:27:53.166715+05:30
null_pct,application_train,AMT_GOODS_PRICE,0.09040327012692228896,307511,278,WARN,"{""unit"": ""percent"", ""policy"": ""missingness profiled, no raw mutation""}",2026-10-08 07:27:53.166715+05:30
null_pct,application_train,AMT_INCOME_TOTAL,0.000000000000000000000000,307511,0,PASS,"{""unit"": ""percent"", ""policy"": ""missingness profiled, no raw mutation""}",2026-10-08 07:27:53.166715+05:30
null_pct,application_train,AMT_REQ_CREDIT_BUREAU_DAY,13.5016308359700954,307511,41519,WARN,"{""unit"": ""percent"", ""policy"": ""missingness profiled, no raw mutation""}",2026-10-08 07:27:53.166715+05:30
null_pct,application_train,AMT_REQ_CREDIT_BUREAU_HOUR,13.5016308359700954,307511,41519,WARN,"{""unit"": ""percent"", ""policy"": ""missingness profiled, no raw mutation""}",2026-10-08 07:27:53.166715+05:30
null_pct,application_train,AMT_REQ_CREDIT_BUREAU_MON,13.5016308359700954,307511,41519,WARN,"{""unit"": ""percent"", ""policy"": ""missingness profiled, no raw mutation""}",2026-10-08 07:27:53.166715+05:30
null_pct,application_train,AMT_REQ_CREDIT_BUREAU_QRT,13.5016308359700954,307511,41519,WARN,"{""unit"": ""percent"", ""policy"": ""missingness profiled, no raw mutation""}",2026-10-08 07:27:53.166715+05:30
null_pct,application_train,AMT_REQ_CREDIT_BUREAU_WEEK,13.5016308359700954,307511,41519,WARN,"{""unit"": ""percent"", ""policy"": ""missingness profiled, no raw mutation""}",2026-10-08 07:27:53.166715+05:30
null_pct,application_train,AMT_REQ_CREDIT_BUREAU_YEAR,13.5016308359700954,307511,41519,WARN,"{""unit"": ""percent"", ""policy"": ""missingness profiled, no raw mutation""}",2026-10-08 07:27:53.166715+05:30
null_pct,application_train,APARTMENTS_AVG,50.7497292779770480,307511,156061,WARN,"{""unit"": ""percent"", ""policy"": ""missingness profiled, no raw mutation""}",2026-10-08 07:27:53.166715+05:30
null_pct,application_train,APARTMENTS_MEDI,50.7497292779770480,307511,156061,WARN,"{""unit"": ""percent"", ""policy"": ""missingness profiled, no raw mutation""}",2026-10-08 07:27:53.166715+05:30
null_pct,application_train,APARTMENTS_MODE,50.7497292779770480,307511,156061,WARN,"{""unit"": ""percent"", ""policy"": ""missingness profiled, no raw mutation""}",2026-10-08 07:27:53.166715+05:30
null_pct,application_train,BASEMENTAREA_AVG,58.5159555267941635,307511,179943,WARN,"{""unit"": ""percent"", ""policy"": ""missingness profiled, no raw mutation""}",2026-10-08 07:27:53.166715+05:30
null_pct,application_train,BASEMENTAREA_MEDI,58.5159555267941635,307511,179943,WARN,"{""unit"": ""percent"", ""policy"": ""missingness profiled, no raw mutation""}",2026-10-08 07:27:53.166715+05:30
null_pct,application_train,BASEMENTAREA_MODE,58.5159555267941635,307511,179943,WARN,"{""unit"": ""percent"", ""policy"": ""missingness profiled, no raw mutation""}",2026-10-08 07:27:53.166715+05:30
null_pct,application_train,CNT_CHILDREN,0.000000000000000000000000,307511,0,PASS,"{""unit"": ""percent"", ""policy"": ""missingness profiled, no raw mutation""}",2026-10-08 07:27:53.166715+05:30
null_pct,application_train,CNT_FAM_MEMBERS,0.00065038323832318193,307511,2,WARN,"{""unit"": ""percent"", ""policy"": ""missingness profiled, no raw mutation""}",2026-10-08 07:27:53.166715+05:30
null_pct,application_train,CODE_GENDER,0.000000000000000000000000,307511,0,PASS,"{""unit"": ""percent"", ""policy"": ""missingness profiled, no raw mutation""}",2026-10-08 07:27:53.166715+05:30
null_pct,application_train,COMMONAREA_AVG,69.8722972511552432,307511,214865,WARN,"{""unit"": ""percent"", ""policy"": ""missingness profiled, no raw mutation""}",2026-10-08 07:27:53.166715+05:30
null_pct,application_train,COMMONAREA_MEDI,69.8722972511552432,307511,214865,WARN,"{""unit"": ""percent"", ""policy"": ""missingness profiled, no raw mutation""}",2026-10-08 07:27:53.166715+05:30
null_pct,application_train,COMMONAREA_MODE,69.8722972511552432,307511,214865,WARN,"{""unit"": ""percent"", ""policy"": ""missingness profiled, no raw mutation""}",2026-10-08 07:27:53.166715+05:30
null_pct,application_train,DAYS_BIRTH,0.000000000000000000000000,307511,0,PASS,"{""unit"": ""percent"", ""policy"": ""missingness profiled, no raw mutation""}",2026-10-08 07:27:53.166715+05:30
null_pct,application_train,DAYS_EMPLOYED,0.000000000000000000000000,307511,0,PASS,"{""unit"": ""percent"", ""policy"": ""missingness profiled, no raw mutation""}",2026-10-08 07:27:53.166715+05:30
null_pct,application_train,DAYS_ID_PUBLISH,0.000000000000000000000000,307511,0,PASS,"{""unit"": ""percent"", ""policy"": ""missingness profiled, no raw mutation""}",2026-10-08 07:27:53.166715+05:30
null_pct,application_train,DAYS_LAST_PHONE_CHANGE,0.00032519161916159097,307511,1,WARN,"{""unit"": ""percent"", ""policy"": ""missingness profiled, no raw mutation""}",2026-10-08 07:27:53.166715+05:30
null_pct,application_train,DAYS_REGISTRATION,0.000000000000000000000000,307511,0,PASS,"{""unit"": ""percent"", ""policy"": ""missingness profiled, no raw mutation""}",2026-10-08 07:27:53.166715+05:30
null_pct,application_train,DEF_30_CNT_SOCIAL_CIRCLE,0.33202064316398437779,307511,1021,WARN,"{""unit"": ""percent"", ""policy"": ""missingness profiled, no raw mutation""}",2026-10-08 07:27:53.166715+05:30
null_pct,application_train,DEF_60_CNT_SOCIAL_CIRCLE,0.33202064316398437779,307511,1021,WARN,"{""unit"": ""percent"", ""policy"": ""missingness profiled, no raw mutation""}",2026-10-08 07:27:53.166715+05:30
null_pct,application_train,ELEVATORS_AVG,53.2959796560123053,307511,163891,WARN,"{""unit"": ""percent"", ""policy"": ""missingness profiled, no raw mutation""}",2026-10-08 07:27:53.166715+05:30
null_pct,application_train,ELEVATORS_MEDI,53.2959796560123053,307511,163891,WARN,"{""unit"": ""percent"", ""policy"": ""missingness profiled, no raw mutation""}",2026-10-08 07:27:53.166715+05:30
null_pct,application_train,ELEVATORS_MODE,53.2959796560123053,307511,163891,WARN,"{""unit"": ""percent"", ""policy"": ""missingness profiled, no raw mutation""}",2026-10-08 07:27:53.166715+05:30
null_pct,application_train,EMERGENCYSTATE_MODE,47.3983044508976915,307511,145755,WARN,"{""unit"": ""percent"", ""policy"": ""missingness profiled, no raw mutation""}",2026-10-08 07:27:53.166715+05:30
null_pct,application_train,ENTRANCES_AVG,50.3487680115508063,307511,154828,WARN,"{""unit"": ""percent"", ""policy"": ""missingness profiled, no raw mutation""}",2026-10-08 07:27:53.166715+05:30
null_pct,application_train,ENTRANCES_MEDI,50.3487680115508063,307511,154828,WARN,"{""unit"": ""percent"", ""policy"": ""missingness profiled, no raw mutation""}",2026-10-08 07:27:53.166715+05:30
null_pct,application_train,ENTRANCES_MODE,50.3487680115508063,307511,154828,WARN,"{""unit"": ""percent"", ""policy"": ""missingness profiled, no raw mutation""}",2026-10-08 07:27:53.166715+05:30
null_pct,application_train,EXT_SOURCE_1,56.3810725469983188,307511,173378,WARN,"{""unit"": ""percent"", ""policy"": ""missingness profiled, no raw mutation""}",2026-10-08 07:27:53.166715+05:30
null_pct,application_train,EXT_SOURCE_2,0.21462646864665003854,307511,660,WARN,"{""unit"": ""percent"", ""policy"": ""missingness profiled, no raw mutation""}",2026-10-08 07:27:53.166715+05:30
null_pct,application_train,EXT_SOURCE_3,19.8253070621863933,307511,60965,WARN,"{""unit"": ""percent"", ""policy"": ""missingness profiled, no raw mutation""}",2026-10-08 07:27:53.166715+05:30
null_pct,application_train,FLAG_CONT_MOBILE,0.000000000000000000000000,307511,0,PASS,"{""unit"": ""percent"", ""policy"": ""missingness profiled, no raw mutation""}",2026-10-08 07:27:53.166715+05:30
null_pct,application_train,FLAG_DOCUMENT_10,0.000000000000000000000000,307511,0,PASS,"{""unit"": ""percent"", ""policy"": ""missingness profiled, no raw mutation""}",2026-10-08 07:27:53.166715+05:30
null_pct,application_train,FLAG_DOCUMENT_11,0.000000000000000000000000,307511,0,PASS,"{""unit"": ""percent"", ""policy"": ""missingness profiled, no raw mutation""}",2026-10-08 07:27:53.166715+05:30
null_pct,application_train,FLAG_DOCUMENT_12,0.000000000000000000000000,307511,0,PASS,"{""unit"": ""percent"", ""policy"": ""missingness profiled, no raw mutation""}",2026-10-08 07:27:53.166715+05:30
null_pct,application_train,FLAG_DOCUMENT_13,0.000000000000000000000000,307511,0,PASS,"{""unit"": ""percent"", ""policy"": ""missingness profiled, no raw mutation""}",2026-10-08 07:27:53.166715+05:30
null_pct,application_train,FLAG_DOCUMENT_14,0.000000000000000000000000,307511,0,PASS,"{""unit"": ""percent"", ""policy"": ""missingness profiled, no raw mutation""}",2026-10-08 07:27:53.166715+05:30
null_pct,application_train,FLAG_DOCUMENT_15,0.000000000000000000000000,307511,0,PASS,"{""unit"": ""percent"", ""policy"": ""missingness profiled, no raw mutation""}",2026-10-08 07:27:53.166715+05:30
null_pct,application_train,FLAG_DOCUMENT_16,0.000000000000000000000000,307511,0,PASS,"{""unit"": ""percent"", ""policy"": ""missingness profiled, no raw mutation""}",2026-10-08 07:27:53.166715+05:30
null_pct,application_train,FLAG_DOCUMENT_17,0.000000000000000000000000,307511,0,PASS,"{""unit"": ""percent"", ""policy"": ""missingness profiled, no raw mutation""}",2026-10-08 07:27:53.166715+05:30
null_pct,application_train,FLAG_DOCUMENT_18,0.000000000000000000000000,307511,0,PASS,"{""unit"": ""percent"", ""policy"": ""missingness profiled, no raw mutation""}",2026-10-08 07:27:53.166715+05:30
null_pct,application_train,FLAG_DOCUMENT_19,0.000000000000000000000000,307511,0,PASS,"{""unit"": ""percent"", ""policy"": ""missingness profiled, no raw mutation""}",2026-10-08 07:27:53.166715+05:30
null_pct,application_train,FLAG_DOCUMENT_2,0.000000000000000000000000,307511,0,PASS,"{""unit"": ""percent"", ""policy"": ""missingness profiled, no raw mutation""}",2026-10-08 07:27:53.166715+05:30
null_pct,application_train,FLAG_DOCUMENT_20,0.000000000000000000000000,307511,0,PASS,"{""unit"": ""percent"", ""policy"": ""missingness profiled, no raw mutation""}",2026-10-08 07:27:53.166715+05:30
null_pct,application_train,FLAG_DOCUMENT_21,0.000000000000000000000000,307511,0,PASS,"{""unit"": ""percent"", ""policy"": ""missingness profiled, no raw mutation""}",2026-10-08 07:27:53.166715+05:30
null_pct,application_train,FLAG_DOCUMENT_3,0.000000000000000000000000,307511,0,PASS,"{""unit"": ""percent"", ""policy"": ""missingness profiled, no raw mutation""}",2026-10-08 07:27:53.166715+05:30
null_pct,application_train,FLAG_DOCUMENT_4,0.000000000000000000000000,307511,0,PASS,"{""unit"": ""percent"", ""policy"": ""missingness profiled, no raw mutation""}",2026-10-08 07:27:53.166715+05:30
null_pct,application_train,FLAG_DOCUMENT_5,0.000000000000000000000000,307511,0,PASS,"{""unit"": ""percent"", ""policy"": ""missingness profiled, no raw mutation""}",2026-10-08 07:27:53.166715+05:30
null_pct,application_train,FLAG_DOCUMENT_6,0.000000000000000000000000,307511,0,PASS,"{""unit"": ""percent"", ""policy"": ""missingness profiled, no raw mutation""}",2026-10-08 07:27:53.166715+05:30
null_pct,application_train,FLAG_DOCUMENT_7,0.000000000000000000000000,307511,0,PASS,"{""unit"": ""percent"", ""policy"": ""missingness profiled, no raw mutation""}",2026-10-08 07:27:53.166715+05:30
null_pct,application_train,FLAG_DOCUMENT_8,0.000000000000000000000000,307511,0,PASS,"{""unit"": ""percent"", ""policy"": ""missingness profiled, no raw mutation""}",2026-10-08 07:27:53.166715+05:30
null_pct,application_train,FLAG_DOCUMENT_9,0.000000000000000000000000,307511,0,PASS,"{""unit"": ""percent"", ""policy"": ""missingness profiled, no raw mutation""}",2026-10-08 07:27:53.166715+05:30
null_pct,application_train,FLAG_EMAIL,0.000000000000000000000000,307511,0,PASS,"{""unit"": ""percent"", ""policy"": ""missingness profiled, no raw mutation""}",2026-10-08 07:27:53.166715+05:30
null_pct,application_train,FLAG_EMP_PHONE,0.000000000000000000000000,307511,0,PASS,"{""unit"": ""percent"", ""policy"": ""missingness profiled, no raw mutation""}",2026-10-08 07:27:53.166715+05:30
null_pct,application_train,FLAG_MOBIL,0.000000000000000000000000,307511,0,PASS,"{""unit"": ""percent"", ""policy"": ""missingness profiled, no raw mutation""}",2026-10-08 07:27:53.166715+05:30
null_pct,application_train,FLAG_OWN_CAR,0.000000000000000000000000,307511,0,PASS,"{""unit"": ""percent"", ""policy"": ""missingness profiled, no raw mutation""}",2026-10-08 07:27:53.166715+05:30
null_pct,application_train,FLAG_OWN_REALTY,0.000000000000000000000000,307511,0,PASS,"{""unit"": ""percent"", ""policy"": ""missingness profiled, no raw mutation""}",2026-10-08 07:27:53.166715+05:30
null_pct,application_train,FLAG_PHONE,0.000000000000000000000000,307511,0,PASS,"{""unit"": ""percent"", ""policy"": ""missingness profiled, no raw mutation""}",2026-10-08 07:27:53.166715+05:30
null_pct,application_train,FLAG_WORK_PHONE,0.000000000000000000000000,307511,0,PASS,"{""unit"": ""percent"", ""policy"": ""missingness profiled, no raw mutation""}",2026-10-08 07:27:53.166715+05:30
null_pct,application_train,FLOORSMAX_AVG,49.7608215641066498,307511,153020,WARN,"{""unit"": ""percent"", ""policy"": ""missingness profiled, no raw mutation""}",2026-10-08 07:27:53.166715+05:30
null_pct,application_train,FLOORSMAX_MEDI,49.7608215641066498,307511,153020,WARN,"{""unit"": ""percent"", ""policy"": ""missingness profiled, no raw mutation""}",2026-10-08 07:27:53.166715+05:30
null_pct,application_train,FLOORSMAX_MODE,49.7608215641066498,307511,153020,WARN,"{""unit"": ""percent"", ""policy"": ""missingness profiled, no raw mutation""}",2026-10-08 07:27:53.166715+05:30
null_pct,application_train,FLOORSMIN_AVG,67.8486298051126626,307511,208642,WARN,"{""unit"": ""percent"", ""policy"": ""missingness profiled, no raw mutation""}",2026-10-08 07:27:53.166715+05:30
null_pct,application_train,FLOORSMIN_MEDI,67.8486298051126626,307511,208642,WARN,"{""unit"": ""percent"", ""policy"": ""missingness profiled, no raw mutation""}",2026-10-08 07:27:53.166715+05:30
null_pct,application_train,FLOORSMIN_MODE,67.8486298051126626,307511,208642,WARN,"{""unit"": ""percent"", ""policy"": ""missingness profiled, no raw mutation""}",2026-10-08 07:27:53.166715+05:30
null_pct,application_train,FONDKAPREMONT_MODE,68.3861715515867725,307511,210295,WARN,"{""unit"": ""percent"", ""policy"": ""missingness profiled, no raw mutation""}",2026-10-08 07:27:53.166715+05:30
null_pct,application_train,HOUR_APPR_PROCESS_START,0.000000000000000000000000,307511,0,PASS,"{""unit"": ""percent"", ""policy"": ""missingness profiled, no raw mutation""}",2026-10-08 07:27:53.166715+05:30
null_pct,application_train,HOUSETYPE_MODE,50.1760912617760015,307511,154297,WARN,"{""unit"": ""percent"", ""policy"": ""missingness profiled, no raw mutation""}",2026-10-08 07:27:53.166715+05:30
null_pct,application_train,LANDAREA_AVG,59.3767377427148948,307511,182590,WARN,"{""unit"": ""percent"", ""policy"": ""missingness profiled, no raw mutation""}",2026-10-08 07:27:53.166715+05:30
null_pct,application_train,LANDAREA_MEDI,59.3767377427148948,307511,182590,WARN,"{""unit"": ""percent"", ""policy"": ""missingness profiled, no raw mutation""}",2026-10-08 07:27:53.166715+05:30
null_pct,application_train,LANDAREA_MODE,59.3767377427148948,307511,182590,WARN,"{""unit"": ""percent"", ""policy"": ""missingness profiled, no raw mutation""}",2026-10-08 07:27:53.166715+05:30
null_pct,application_train,LIVE_CITY_NOT_WORK_CITY,0.000000000000000000000000,307511,0,PASS,"{""unit"": ""percent"", ""policy"": ""missingness profiled, no raw mutation""}",2026-10-08 07:27:53.166715+05:30
null_pct,application_train,LIVE_REGION_NOT_WORK_REGION,0.000000000000000000000000,307511,0,PASS,"{""unit"": ""percent"", ""policy"": ""missingness profiled, no raw mutation""}",2026-10-08 07:27:53.166715+05:30
null_pct,application_train,LIVINGAPARTMENTS_AVG,68.3549531561472598,307511,210199,WARN,"{""unit"": ""percent"", ""policy"": ""missingness profiled, no raw mutation""}",2026-10-08 07:27:53.166715+05:30
null_pct,application_train,LIVINGAPARTMENTS_MEDI,68.3549531561472598,307511,210199,WARN,"{""unit"": ""percent"", ""policy"": ""missingness profiled, no raw mutation""}",2026-10-08 07:27:53.166715+05:30
null_pct,application_train,LIVINGAPARTMENTS_MODE,68.3549531561472598,307511,210199,WARN,"{""unit"": ""percent"", ""policy"": ""missingness profiled, no raw mutation""}",2026-10-08 07:27:53.166715+05:30
null_pct,application_train,LIVINGAREA_AVG,50.1933264175915658,307511,154350,WARN,"{""unit"": ""percent"", ""policy"": ""missingness profiled, no raw mutation""}",2026-10-08 07:27:53.166715+05:30
null_pct,application_train,LIVINGAREA_MEDI,50.1933264175915658,307511,154350,WARN,"{""unit"": ""percent"", ""policy"": ""missingness profiled, no raw mutation""}",2026-10-08 07:27:53.166715+05:30
null_pct,application_train,LIVINGAREA_MODE,50.1933264175915658,307511,154350,WARN,"{""unit"": ""percent"", ""policy"": ""missingness profiled, no raw mutation""}",2026-10-08 07:27:53.166715+05:30
null_pct,application_train,NAME_CONTRACT_TYPE,0.000000000000000000000000,307511,0,PASS,"{""unit"": ""percent"", ""policy"": ""missingness profiled, no raw mutation""}",2026-10-08 07:27:53.166715+05:30
null_pct,application_train,NAME_EDUCATION_TYPE,0.000000000000000000000000,307511,0,PASS,"{""unit"": ""percent"", ""policy"": ""missingness profiled, no raw mutation""}",2026-10-08 07:27:53.166715+05:30
null_pct,application_train,NAME_FAMILY_STATUS,0.000000000000000000000000,307511,0,PASS,"{""unit"": ""percent"", ""policy"": ""missingness profiled, no raw mutation""}",2026-10-08 07:27:53.166715+05:30
null_pct,application_train,NAME_HOUSING_TYPE,0.000000000000000000000000,307511,0,PASS,"{""unit"": ""percent"", ""policy"": ""missingness profiled, no raw mutation""}",2026-10-08 07:27:53.166715+05:30
null_pct,application_train,NAME_INCOME_TYPE,0.000000000000000000000000,307511,0,PASS,"{""unit"": ""percent"", ""policy"": ""missingness profiled, no raw mutation""}",2026-10-08 07:27:53.166715+05:30
null_pct,application_train,NAME_TYPE_SUITE,0.42014757195677552998,307511,1292,WARN,"{""unit"": ""percent"", ""policy"": ""missingness profiled, no raw mutation""}",2026-10-08 07:27:53.166715+05:30
null_pct,application_train,NONLIVINGAPARTMENTS_AVG,69.4329633736679338,307511,213514,WARN,"{""unit"": ""percent"", ""policy"": ""missingness profiled, no raw mutation""}",2026-10-08 07:27:53.166715+05:30
null_pct,application_train,NONLIVINGAPARTMENTS_MEDI,69.4329633736679338,307511,213514,WARN,"{""unit"": ""percent"", ""policy"": ""missingness profiled, no raw mutation""}",2026-10-08 07:27:53.166715+05:30
null_pct,application_train,NONLIVINGAPARTMENTS_MODE,69.4329633736679338,307511,213514,WARN,"{""unit"": ""percent"", ""policy"": ""missingness profiled, no raw mutation""}",2026-10-08 07:27:53.166715+05:30
null_pct,application_train,NONLIVINGAREA_AVG,55.1791643225770785,307511,169682,WARN,"{""unit"": ""percent"", ""policy"": ""missingness profiled, no raw mutation""}",2026-10-08 07:27:53.166715+05:30
null_pct,application_train,NONLIVINGAREA_MEDI,55.1791643225770785,307511,169682,WARN,"{""unit"": ""percent"", ""policy"": ""missingness profiled, no raw mutation""}",2026-10-08 07:27:53.166715+05:30
null_pct,application_train,NONLIVINGAREA_MODE,55.1791643225770785,307511,169682,WARN,"{""unit"": ""percent"", ""policy"": ""missingness profiled, no raw mutation""}",2026-10-08 07:27:53.166715+05:30
null_pct,application_train,OBS_30_CNT_SOCIAL_CIRCLE,0.33202064316398437779,307511,1021,WARN,"{""unit"": ""percent"", ""policy"": ""missingness profiled, no raw mutation""}",2026-10-08 07:27:53.166715+05:30
null_pct,application_train,OBS_60_CNT_SOCIAL_CIRCLE,0.33202064316398437779,307511,1021,WARN,"{""unit"": ""percent"", ""policy"": ""missingness profiled, no raw mutation""}",2026-10-08 07:27:53.166715+05:30
null_pct,application_train,OCCUPATION_TYPE,31.3455453626049149,307511,96391,WARN,"{""unit"": ""percent"", ""policy"": ""missingness profiled, no raw mutation""}",2026-10-08 07:27:53.166715+05:30
null_pct,application_train,ORGANIZATION_TYPE,0.000000000000000000000000,307511,0,PASS,"{""unit"": ""percent"", ""policy"": ""missingness profiled, no raw mutation""}",2026-10-08 07:27:53.166715+05:30
null_pct,application_train,OWN_CAR_AGE,65.9908100848424934,307511,202929,WARN,"{""unit"": ""percent"", ""policy"": ""missingness profiled, no raw mutation""}",2026-10-08 07:27:53.166715+05:30
null_pct,application_train,REGION_POPULATION_RELATIVE,0.000000000000000000000000,307511,0,PASS,"{""unit"": ""percent"", ""policy"": ""missingness profiled, no raw mutation""}",2026-10-08 07:27:53.166715+05:30
null_pct,application_train,REGION_RATING_CLIENT,0.000000000000000000000000,307511,0,PASS,"{""unit"": ""percent"", ""policy"": ""missingness profiled, no raw mutation""}",2026-10-08 07:27:53.166715+05:30
null_pct,application_train,REGION_RATING_CLIENT_W_CITY,0.000000000000000000000000,307511,0,PASS,"{""unit"": ""percent"", ""policy"": ""missingness profiled, no raw mutation""}",2026-10-08 07:27:53.166715+05:30
null_pct,application_train,REG_CITY_NOT_LIVE_CITY,0.000000000000000000000000,307511,0,PASS,"{""unit"": ""percent"", ""policy"": ""missingness profiled, no raw mutation""}",2026-10-08 07:27:53.166715+05:30
null_pct,application_train,REG_CITY_NOT_WORK_CITY,0.000000000000000000000000,307511,0,PASS,"{""unit"": ""percent"", ""policy"": ""missingness profiled, no raw mutation""}",2026-10-08 07:27:53.166715+05:30
null_pct,application_train,REG_REGION_NOT_LIVE_REGION,0.000000000000000000000000,307511,0,PASS,"{""unit"": ""percent"", ""policy"": ""missingness profiled, no raw mutation""}",2026-10-08 07:27:53.166715+05:30
null_pct,application_train,REG_REGION_NOT_WORK_REGION,0.000000000000000000000000,307511,0,PASS,"{""unit"": ""percent"", ""policy"": ""missingness profiled, no raw mutation""}",2026-10-08 07:27:53.166715+05:30
null_pct,application_train,SK_ID_CURR,0.000000000000000000000000,307511,0,PASS,"{""unit"": ""percent"", ""policy"": ""missingness profiled, no raw mutation""}",2026-10-08 07:27:53.166715+05:30
null_pct,application_train,TARGET,0.000000000000000000000000,307511,0,PASS,"{""unit"": ""percent"", ""policy"": ""missingness profiled, no raw mutation""}",2026-10-08 07:27:53.166715+05:30
null_pct,application_train,TOTALAREA_MODE,48.2685172237741089,307511,148431,WARN,"{""unit"": ""percent"", ""policy"": ""missingness profiled, no raw mutation""}",2026-10-08 07:27:53.166715+05:30
null_pct,application_train,WALLSMATERIAL_MODE,50.8407829313422934,307511,156341,WARN,"{""unit"": ""percent"", ""policy"": ""missingness profiled, no raw mutation""}",2026-10-08 07:27:53.166715+05:30
null_pct,application_train,WEEKDAY_APPR_PROCESS_START,0.000000000000000000000000,307511,0,PASS,"{""unit"": ""percent"", ""policy"": ""missingness profiled, no raw mutation""}",2026-10-08 07:27:53.166715+05:30
null_pct,application_train,YEARS_BEGINEXPLUATATION_AVG,48.7810192155727763,307511,150007,WARN,"{""unit"": ""percent"", ""policy"": ""missingness profiled, no raw mutation""}",2026-10-08 07:27:53.166715+05:30
null_pct,application_train,YEARS_BEGINEXPLUATATION_MEDI,48.7810192155727763,307511,150007,WARN,"{""unit"": ""percent"", ""policy"": ""missingness profiled, no raw mutation""}",2026-10-08 07:27:53.166715+05:30
null_pct,application_train,YEARS_BEGINEXPLUATATION_MODE,48.7810192155727763,307511,150007,WARN,"{""unit"": ""percent"", ""policy"": ""missingness profiled, no raw mutation""}",2026-10-08 07:27:53.166715+05:30
null_pct,application_train,YEARS_BUILD_AVG,66.4977838191154138,307511,204488,WARN,"{""unit"": ""percent"", ""policy"": ""missingness profiled, no raw mutation""}",2026-10-08 07:27:53.166715+05:30
null_pct,application_train,YEARS_BUILD_MEDI,66.4977838191154138,307511,204488,WARN,"{""unit"": ""percent"", ""policy"": ""missingness profiled, no raw mutation""}",2026-10-08 07:27:53.166715+05:30
null_pct,application_train,YEARS_BUILD_MODE,66.4977838191154138,307511,204488,WARN,"{""unit"": ""percent"", ""policy"": ""missingness profiled, no raw mutation""}",2026-10-08 07:27:53.166715+05:30
placeholder_xna_xap,application_train,CODE_GENDER,4,307511,4,WARN,"{""policy"": ""staging normalized to NULL"", ""values"": [""XNA"", ""XAP""]}",2026-10-08 07:27:53.166715+05:30
placeholder_xna_xap,application_train,EMERGENCYSTATE_MODE,0,307511,0,PASS,"{""policy"": ""staging normalized to NULL"", ""values"": [""XNA"", ""XAP""]}",2026-10-08 07:27:53.166715+05:30
placeholder_xna_xap,application_train,FLAG_OWN_CAR,0,307511,0,PASS,"{""policy"": ""staging normalized to NULL"", ""values"": [""XNA"", ""XAP""]}",2026-10-08 07:27:53.166715+05:30
placeholder_xna_xap,application_train,FLAG_OWN_REALTY,0,307511,0,PASS,"{""policy"": ""staging normalized to NULL"", ""values"": [""XNA"", ""XAP""]}",2026-10-08 07:27:53.166715+05:30
placeholder_xna_xap,application_train,FONDKAPREMONT_MODE,0,307511,0,PASS,"{""policy"": ""staging normalized to NULL"", ""values"": [""XNA"", ""XAP""]}",2026-10-08 07:27:53.166715+05:30
placeholder_xna_xap,application_train,HOUSETYPE_MODE,0,307511,0,PASS,"{""policy"": ""staging normalized to NULL"", ""values"": [""XNA"", ""XAP""]}",2026-10-08 07:27:53.166715+05:30
placeholder_xna_xap,application_train,NAME_CONTRACT_TYPE,0,307511,0,PASS,"{""policy"": ""staging normalized to NULL"", ""values"": [""XNA"", ""XAP""]}",2026-10-08 07:27:53.166715+05:30
placeholder_xna_xap,application_train,NAME_EDUCATION_TYPE,0,307511,0,PASS,"{""policy"": ""staging normalized to NULL"", ""values"": [""XNA"", ""XAP""]}",2026-10-08 07:27:53.166715+05:30
placeholder_xna_xap,application_train,NAME_FAMILY_STATUS,0,307511,0,PASS,"{""policy"": ""staging normalized to NULL"", ""values"": [""XNA"", ""XAP""]}",2026-10-08 07:27:53.166715+05:30
placeholder_xna_xap,application_train,NAME_HOUSING_TYPE,0,307511,0,PASS,"{""policy"": ""staging normalized to NULL"", ""values"": [""XNA"", ""XAP""]}",2026-10-08 07:27:53.166715+05:30
placeholder_xna_xap,application_train,NAME_INCOME_TYPE,0,307511,0,PASS,"{""policy"": ""staging normalized to NULL"", ""values"": [""XNA"", ""XAP""]}",2026-10-08 07:27:53.166715+05:30
placeholder_xna_xap,application_train,NAME_TYPE_SUITE,0,307511,0,PASS,"{""policy"": ""staging normalized to NULL"", ""values"": [""XNA"", ""XAP""]}",2026-10-08 07:27:53.166715+05:30
placeholder_xna_xap,application_train,OCCUPATION_TYPE,0,307511,0,PASS,"{""policy"": ""staging normalized to NULL"", ""values"": [""XNA"", ""XAP""]}",2026-10-08 07:27:53.166715+05:30
placeholder_xna_xap,application_train,ORGANIZATION_TYPE,55374,307511,55374,WARN,"{""policy"": ""staging normalized to NULL"", ""values"": [""XNA"", ""XAP""]}",2026-10-08 07:27:53.166715+05:30
placeholder_xna_xap,application_train,WALLSMATERIAL_MODE,0,307511,0,PASS,"{""policy"": ""staging normalized to NULL"", ""values"": [""XNA"", ""XAP""]}",2026-10-08 07:27:53.166715+05:30
placeholder_xna_xap,application_train,WEEKDAY_APPR_PROCESS_START,0,307511,0,PASS,"{""policy"": ""staging normalized to NULL"", ""values"": [""XNA"", ""XAP""]}",2026-10-08 07:27:53.166715+05:30
primary_key_duplicates_or_null,application_train,SK_ID_CURR,0,307511,0,PASS,"{""policy"": ""blocking: entity ownership must be unambiguous"", ""null_keys"": 0, ""duplicate_excess_nonnull"": 0}",2026-10-08 07:27:53.166715+05:30
row_count,application_train,,307511,307511,0,PASS,"{""scope"": ""loaded raw CSV, count compared with source by runner""}",2026-10-08 07:27:53.166715+05:30
sentinel_365243,application_train,DAYS_BIRTH,0,307511,0,PASS,"{""policy"": ""staging NULL plus available missing flags"", ""sentinel"": ""absolute value 365243""}",2026-10-08 07:27:53.166715+05:30
sentinel_365243,application_train,DAYS_EMPLOYED,55374,307511,55374,WARN,"{""policy"": ""staging NULL plus available missing flags"", ""sentinel"": ""absolute value 365243""}",2026-10-08 07:27:53.166715+05:30
sentinel_365243,application_train,DAYS_ID_PUBLISH,0,307511,0,PASS,"{""policy"": ""staging NULL plus available missing flags"", ""sentinel"": ""absolute value 365243""}",2026-10-08 07:27:53.166715+05:30
sentinel_365243,application_train,DAYS_LAST_PHONE_CHANGE,0,307511,0,PASS,"{""policy"": ""staging NULL plus available missing flags"", ""sentinel"": ""absolute value 365243""}",2026-10-08 07:27:53.166715+05:30
sentinel_365243,application_train,DAYS_REGISTRATION,0,307511,0,PASS,"{""policy"": ""staging NULL plus available missing flags"", ""sentinel"": ""absolute value 365243""}",2026-10-08 07:27:53.166715+05:30
negative_amount,bureau,AMT_ANNUITY,0,1716428,0,PASS,"{""policy"": ""unexpected negatives audited; analyzed amount fields NULL in staging""}",2026-10-08 07:27:53.166715+05:30
negative_amount,bureau,AMT_CREDIT_MAX_OVERDUE,0,1716428,0,PASS,"{""policy"": ""unexpected negatives audited; analyzed amount fields NULL in staging""}",2026-10-08 07:27:53.166715+05:30
negative_amount,bureau,AMT_CREDIT_SUM,0,1716428,0,PASS,"{""policy"": ""unexpected negatives audited; analyzed amount fields NULL in staging""}",2026-10-08 07:27:53.166715+05:30
negative_amount,bureau,AMT_CREDIT_SUM_DEBT,8418,1716428,8418,WARN,"{""policy"": ""unexpected negatives audited; analyzed amount fields NULL in staging""}",2026-10-08 07:27:53.166715+05:30
negative_amount,bureau,AMT_CREDIT_SUM_LIMIT,351,1716428,351,WARN,"{""policy"": ""unexpected negatives audited; analyzed amount fields NULL in staging""}",2026-10-08 07:27:53.166715+05:30
negative_amount,bureau,AMT_CREDIT_SUM_OVERDUE,0,1716428,0,PASS,"{""policy"": ""unexpected negatives audited; analyzed amount fields NULL in staging""}",2026-10-08 07:27:53.166715+05:30
null_pct,bureau,AMT_ANNUITY,71.4734902949613966,1716428,1226791,WARN,"{""unit"": ""percent"", ""policy"": ""missingness profiled, no raw mutation""}",2026-10-08 07:27:53.166715+05:30
null_pct,bureau,AMT_CREDIT_MAX_OVERDUE,65.5132635915983659,1716428,1124488,WARN,"{""unit"": ""percent"", ""policy"": ""missingness profiled, no raw mutation""}",2026-10-08 07:27:53.166715+05:30
null_pct,bureau,AMT_CREDIT_SUM,0.00075738685223032950,1716428,13,WARN,"{""unit"": ""percent"", ""policy"": ""missingness profiled, no raw mutation""}",2026-10-08 07:27:53.166715+05:30
null_pct,bureau,AMT_CREDIT_SUM_DEBT,15.0119317559489824,1716428,257669,WARN,"{""unit"": ""percent"", ""policy"": ""missingness profiled, no raw mutation""}",2026-10-08 07:27:53.166715+05:30
null_pct,bureau,AMT_CREDIT_SUM_LIMIT,34.4774147240664916,1716428,591780,WARN,"{""unit"": ""percent"", ""policy"": ""missingness profiled, no raw mutation""}",2026-10-08 07:27:53.166715+05:30
null_pct,bureau,AMT_CREDIT_SUM_OVERDUE,0.000000000000000000000000,1716428,0,PASS,"{""unit"": ""percent"", ""policy"": ""missingness profiled, no raw mutation""}",2026-10-08 07:27:53.166715+05:30
null_pct,bureau,CNT_CREDIT_PROLONG,0.000000000000000000000000,1716428,0,PASS,"{""unit"": ""percent"", ""policy"": ""missingness profiled, no raw mutation""}",2026-10-08 07:27:53.166715+05:30
null_pct,bureau,CREDIT_ACTIVE,0.000000000000000000000000,1716428,0,PASS,"{""unit"": ""percent"", ""policy"": ""missingness profiled, no raw mutation""}",2026-10-08 07:27:53.166715+05:30
null_pct,bureau,CREDIT_CURRENCY,0.000000000000000000000000,1716428,0,PASS,"{""unit"": ""percent"", ""policy"": ""missingness profiled, no raw mutation""}",2026-10-08 07:27:53.166715+05:30
null_pct,bureau,CREDIT_DAY_OVERDUE,0.000000000000000000000000,1716428,0,PASS,"{""unit"": ""percent"", ""policy"": ""missingness profiled, no raw mutation""}",2026-10-08 07:27:53.166715+05:30
null_pct,bureau,CREDIT_TYPE,0.000000000000000000000000,1716428,0,PASS,"{""unit"": ""percent"", ""policy"": ""missingness profiled, no raw mutation""}",2026-10-08 07:27:53.166715+05:30
null_pct,bureau,DAYS_CREDIT,0.000000000000000000000000,1716428,0,PASS,"{""unit"": ""percent"", ""policy"": ""missingness profiled, no raw mutation""}",2026-10-08 07:27:53.166715+05:30
null_pct,bureau,DAYS_CREDIT_ENDDATE,6.1495734164206130,1716428,105553,WARN,"{""unit"": ""percent"", ""policy"": ""missingness profiled, no raw mutation""}",2026-10-08 07:27:53.166715+05:30
null_pct,bureau,DAYS_CREDIT_UPDATE,0.000000000000000000000000,1716428,0,PASS,"{""unit"": ""percent"", ""policy"": ""missingness profiled, no raw mutation""}",2026-10-08 07:27:53.166715+05:30
null_pct,bureau,DAYS_ENDDATE_FACT,36.9169577751003829,1716428,633653,WARN,"{""unit"": ""percent"", ""policy"": ""missingness profiled, no raw mutation""}",2026-10-08 07:27:53.166715+05:30
null_pct,bureau,SK_ID_BUREAU,0.000000000000000000000000,1716428,0,PASS,"{""unit"": ""percent"", ""policy"": ""missingness profiled, no raw mutation""}",2026-10-08 07:27:53.166715+05:30
null_pct,bureau,SK_ID_CURR,0.000000000000000000000000,1716428,0,PASS,"{""unit"": ""percent"", ""policy"": ""missingness profiled, no raw mutation""}",2026-10-08 07:27:53.166715+05:30
outside_training_cohort,bureau,SK_ID_CURR,251103,1716428,251103,WARN,"{""policy"": ""exclude from staging train analysis; these are not automatically corrupt foreign keys"", ""other_cohort_outcomes"": ""unknown""}",2026-10-08 07:27:53.166715+05:30
placeholder_xna_xap,bureau,CREDIT_ACTIVE,0,1716428,0,PASS,"{""policy"": ""staging normalized to NULL"", ""values"": [""XNA"", ""XAP""]}",2026-10-08 07:27:53.166715+05:30
placeholder_xna_xap,bureau,CREDIT_CURRENCY,0,1716428,0,PASS,"{""policy"": ""staging normalized to NULL"", ""values"": [""XNA"", ""XAP""]}",2026-10-08 07:27:53.166715+05:30
placeholder_xna_xap,bureau,CREDIT_TYPE,0,1716428,0,PASS,"{""policy"": ""staging normalized to NULL"", ""values"": [""XNA"", ""XAP""]}",2026-10-08 07:27:53.166715+05:30
primary_key_duplicates_or_null,bureau,SK_ID_BUREAU,0,1716428,0,PASS,"{""policy"": ""blocking: entity ownership must be unambiguous"", ""null_keys"": 0, ""duplicate_excess_nonnull"": 0}",2026-10-08 07:27:53.166715+05:30
row_count,bureau,,1716428,1716428,0,PASS,"{""scope"": ""loaded raw CSV, count compared with source by runner""}",2026-10-08 07:27:53.166715+05:30
sentinel_365243,bureau,DAYS_CREDIT,0,1716428,0,PASS,"{""policy"": ""staging NULL plus available missing flags"", ""sentinel"": ""absolute value 365243""}",2026-10-08 07:27:53.166715+05:30
sentinel_365243,bureau,DAYS_CREDIT_ENDDATE,0,1716428,0,PASS,"{""policy"": ""staging NULL plus available missing flags"", ""sentinel"": ""absolute value 365243""}",2026-10-08 07:27:53.166715+05:30
sentinel_365243,bureau,DAYS_CREDIT_UPDATE,0,1716428,0,PASS,"{""policy"": ""staging NULL plus available missing flags"", ""sentinel"": ""absolute value 365243""}",2026-10-08 07:27:53.166715+05:30
sentinel_365243,bureau,DAYS_ENDDATE_FACT,0,1716428,0,PASS,"{""policy"": ""staging NULL plus available missing flags"", ""sentinel"": ""absolute value 365243""}",2026-10-08 07:27:53.166715+05:30
absent_bureau_loan_parent,bureau_balance,SK_ID_BUREAU,3120184,27299925,3120184,WARN,"{""policy"": ""balance history without bureau loan parent excluded by staging existence filter""}",2026-10-08 07:27:53.166715+05:30
duplicate_loan_month_source_rows,bureau_balance,MONTHS_BALANCE,0,27299925,0,PASS,"{""policy"": ""aggregate one snapshot per loan/month before windows; MAX observed DPD with conflicts flagged""}",2026-10-08 07:27:53.166715+05:30
future_relative_month,bureau_balance,MONTHS_BALANCE,0,27299925,0,PASS,"{""policy"": ""positive relative months excluded from observed features and roll rates""}",2026-10-08 07:27:53.166715+05:30
null_pct,bureau_balance,MONTHS_BALANCE,0.000000000000000000000000,27299925,0,PASS,"{""unit"": ""percent"", ""policy"": ""missingness profiled, no raw mutation""}",2026-10-08 07:27:53.166715+05:30
null_pct,bureau_balance,SK_ID_BUREAU,0.000000000000000000000000,27299925,0,PASS,"{""unit"": ""percent"", ""policy"": ""missingness profiled, no raw mutation""}",2026-10-08 07:27:53.166715+05:30
null_pct,bureau_balance,STATUS,0.000000000000000000000000,27299925,0,PASS,"{""unit"": ""percent"", ""policy"": ""missingness profiled, no raw mutation""}",2026-10-08 07:27:53.166715+05:30
placeholder_xna_xap,bureau_balance,STATUS,0,27299925,0,PASS,"{""policy"": ""staging normalized to NULL"", ""values"": [""XNA"", ""XAP""]}",2026-10-08 07:27:53.166715+05:30
row_count,bureau_balance,,27299925,27299925,0,PASS,"{""scope"": ""loaded raw CSV, count compared with source by runner""}",2026-10-08 07:27:53.166715+05:30
unknown_bureau_status,bureau_balance,STATUS,0,27299925,0,PASS,"{""policy"": ""unknown category, NULL DPD; never reinterpret as Current""}",2026-10-08 07:27:53.166715+05:30
absent_previous_loan_parent,credit_card_balance,SK_ID_PREV,1082816,3840312,1082816,WARN,"{""policy"": ""audit missing parent extracts separately from applicant cohort; do not invent outcomes""}",2026-10-08 07:27:53.166715+05:30
duplicate_loan_month_source_rows,credit_card_balance,MONTHS_BALANCE,0,3840312,0,PASS,"{""policy"": ""aggregate one snapshot per loan/month before windows; MAX observed DPD with conflicts flagged""}",2026-10-08 07:27:53.166715+05:30
future_relative_month,credit_card_balance,MONTHS_BALANCE,0,3840312,0,PASS,"{""policy"": ""positive relative months excluded from observed features and roll rates""}",2026-10-08 07:27:53.166715+05:30
history_loan_multiple_applicants,credit_card_balance,SK_ID_CURR,0,3840312,0,PASS,"{""policy"": ""blocking: a loan cannot belong to multiple applicants""}",2026-10-08 07:27:53.166715+05:30
negative_amount,credit_card_balance,AMT_BALANCE,2345,3840312,2345,WARN,"{""policy"": ""negative card balance may be overpayment; retained and flagged, utilization floored at zero""}",2026-10-08 07:27:53.166715+05:30
negative_amount,credit_card_balance,AMT_CREDIT_LIMIT_ACTUAL,0,3840312,0,PASS,"{""policy"": ""unexpected negatives audited; analyzed amount fields NULL in staging""}",2026-10-08 07:27:53.166715+05:30
negative_amount,credit_card_balance,AMT_DRAWINGS_ATM_CURRENT,1,3840312,1,WARN,"{""policy"": ""unexpected negatives audited; analyzed amount fields NULL in staging""}",2026-10-08 07:27:53.166715+05:30
negative_amount,credit_card_balance,AMT_DRAWINGS_CURRENT,3,3840312,3,WARN,"{""policy"": ""unexpected negatives audited; analyzed amount fields NULL in staging""}",2026-10-08 07:27:53.166715+05:30
negative_amount,credit_card_balance,AMT_DRAWINGS_OTHER_CURRENT,0,3840312,0,PASS,"{""policy"": ""unexpected negatives audited; analyzed amount fields NULL in staging""}",2026-10-08 07:27:53.166715+05:30
negative_amount,credit_card_balance,AMT_DRAWINGS_POS_CURRENT,0,3840312,0,PASS,"{""policy"": ""unexpected negatives audited; analyzed amount fields NULL in staging""}",2026-10-08 07:27:53.166715+05:30
negative_amount,credit_card_balance,AMT_INST_MIN_REGULARITY,0,3840312,0,PASS,"{""policy"": ""unexpected negatives audited; analyzed amount fields NULL in staging""}",2026-10-08 07:27:53.166715+05:30
negative_amount,credit_card_balance,AMT_PAYMENT_CURRENT,0,3840312,0,PASS,"{""policy"": ""unexpected negatives audited; analyzed amount fields NULL in staging""}",2026-10-08 07:27:53.166715+05:30
negative_amount,credit_card_balance,AMT_PAYMENT_TOTAL_CURRENT,0,3840312,0,PASS,"{""policy"": ""unexpected negatives audited; analyzed amount fields NULL in staging""}",2026-10-08 07:27:53.166715+05:30
negative_amount,credit_card_balance,AMT_RECEIVABLE_PRINCIPAL,2428,3840312,2428,WARN,"{""policy"": ""unexpected negatives audited; analyzed amount fields NULL in staging""}",2026-10-08 07:27:53.166715+05:30
negative_amount,credit_card_balance,AMT_RECIVABLE,109338,3840312,109338,WARN,"{""policy"": ""unexpected negatives audited; analyzed amount fields NULL in staging""}",2026-10-08 07:27:53.166715+05:30
negative_amount,credit_card_balance,AMT_TOTAL_RECEIVABLE,109330,3840312,109330,WARN,"{""policy"": ""unexpected negatives audited; analyzed amount fields NULL in staging""}",2026-10-08 07:27:53.166715+05:30
null_pct,credit_card_balance,AMT_BALANCE,0.000000000000000000000000,3840312,0,PASS,"{""unit"": ""percent"", ""policy"": ""missingness profiled, no raw mutation""}",2026-10-08 07:27:53.166715+05:30
null_pct,credit_card_balance,AMT_CREDIT_LIMIT_ACTUAL,0.000000000000000000000000,3840312,0,PASS,"{""unit"": ""percent"", ""policy"": ""missingness profiled, no raw mutation""}",2026-10-08 07:27:53.166715+05:30
null_pct,credit_card_balance,AMT_DRAWINGS_ATM_CURRENT,19.5248719374884124,3840312,749816,WARN,"{""unit"": ""percent"", ""policy"": ""missingness profiled, no raw mutation""}",2026-10-08 07:27:53.166715+05:30
null_pct,credit_card_balance,AMT_DRAWINGS_CURRENT,0.000000000000000000000000,3840312,0,PASS,"{""unit"": ""percent"", ""policy"": ""missingness profiled, no raw mutation""}",2026-10-08 07:27:53.166715+05:30
null_pct,credit_card_balance,AMT_DRAWINGS_OTHER_CURRENT,19.5248719374884124,3840312,749816,WARN,"{""unit"": ""percent"", ""policy"": ""missingness profiled, no raw mutation""}",2026-10-08 07:27:53.166715+05:30
null_pct,credit_card_balance,AMT_DRAWINGS_POS_CURRENT,19.5248719374884124,3840312,749816,WARN,"{""unit"": ""percent"", ""policy"": ""missingness profiled, no raw mutation""}",2026-10-08 07:27:53.166715+05:30
null_pct,credit_card_balance,AMT_INST_MIN_REGULARITY,7.9482083747362193,3840312,305236,WARN,"{""unit"": ""percent"", ""policy"": ""missingness profiled, no raw mutation""}",2026-10-08 07:27:53.166715+05:30
null_pct,credit_card_balance,AMT_PAYMENT_CURRENT,19.9980626574090855,3840312,767988,WARN,"{""unit"": ""percent"", ""policy"": ""missingness profiled, no raw mutation""}",2026-10-08 07:27:53.166715+05:30
null_pct,credit_card_balance,AMT_PAYMENT_TOTAL_CURRENT,0.000000000000000000000000,3840312,0,PASS,"{""unit"": ""percent"", ""policy"": ""missingness profiled, no raw mutation""}",2026-10-08 07:27:53.166715+05:30
null_pct,credit_card_balance,AMT_RECEIVABLE_PRINCIPAL,0.000000000000000000000000,3840312,0,PASS,"{""unit"": ""percent"", ""policy"": ""missingness profiled, no raw mutation""}",2026-10-08 07:27:53.166715+05:30
null_pct,credit_card_balance,AMT_RECIVABLE,0.000000000000000000000000,3840312,0,PASS,"{""unit"": ""percent"", ""policy"": ""missingness profiled, no raw mutation""}",2026-10-08 07:27:53.166715+05:30
null_pct,credit_card_balance,AMT_TOTAL_RECEIVABLE,0.000000000000000000000000,3840312,0,PASS,"{""unit"": ""percent"", ""policy"": ""missingness profiled, no raw mutation""}",2026-10-08 07:27:53.166715+05:30
null_pct,credit_card_balance,CNT_DRAWINGS_ATM_CURRENT,19.5248719374884124,3840312,749816,WARN,"{""unit"": ""percent"", ""policy"": ""missingness profiled, no raw mutation""}",2026-10-08 07:27:53.166715+05:30
null_pct,credit_card_balance,CNT_DRAWINGS_CURRENT,0.000000000000000000000000,3840312,0,PASS,"{""unit"": ""percent"", ""policy"": ""missingness profiled, no raw mutation""}",2026-10-08 07:27:53.166715+05:30
null_pct,credit_card_balance,CNT_DRAWINGS_OTHER_CURRENT,19.5248719374884124,3840312,749816,WARN,"{""unit"": ""percent"", ""policy"": ""missingness profiled, no raw mutation""}",2026-10-08 07:27:53.166715+05:30
null_pct,credit_card_balance,CNT_DRAWINGS_POS_CURRENT,19.5248719374884124,3840312,749816,WARN,"{""unit"": ""percent"", ""policy"": ""missingness profiled, no raw mutation""}",2026-10-08 07:27:53.166715+05:30
null_pct,credit_card_balance,CNT_INSTALMENT_MATURE_CUM,7.9482083747362193,3840312,305236,WARN,"{""unit"": ""percent"", ""policy"": ""missingness profiled, no raw mutation""}",2026-10-08 07:27:53.166715+05:30
null_pct,credit_card_balance,MONTHS_BALANCE,0.000000000000000000000000,3840312,0,PASS,"{""unit"": ""percent"", ""policy"": ""missingness profiled, no raw mutation""}",2026-10-08 07:27:53.166715+05:30
null_pct,credit_card_balance,NAME_CONTRACT_STATUS,0.000000000000000000000000,3840312,0,PASS,"{""unit"": ""percent"", ""policy"": ""missingness profiled, no raw mutation""}",2026-10-08 07:27:53.166715+05:30
null_pct,credit_card_balance,SK_DPD,0.000000000000000000000000,3840312,0,PASS,"{""unit"": ""percent"", ""policy"": ""missingness profiled, no raw mutation""}",2026-10-08 07:27:53.166715+05:30
null_pct,credit_card_balance,SK_DPD_DEF,0.000000000000000000000000,3840312,0,PASS,"{""unit"": ""percent"", ""policy"": ""missingness profiled, no raw mutation""}",2026-10-08 07:27:53.166715+05:30
null_pct,credit_card_balance,SK_ID_CURR,0.000000000000000000000000,3840312,0,PASS,"{""unit"": ""percent"", ""policy"": ""missingness profiled, no raw mutation""}",2026-10-08 07:27:53.166715+05:30
null_pct,credit_card_balance,SK_ID_PREV,0.000000000000000000000000,3840312,0,PASS,"{""unit"": ""percent"", ""policy"": ""missingness profiled, no raw mutation""}",2026-10-08 07:27:53.166715+05:30
outside_training_cohort,credit_card_balance,SK_ID_CURR,612347,3840312,612347,WARN,"{""policy"": ""exclude from staging train analysis; these are not automatically corrupt foreign keys"", ""other_cohort_outcomes"": ""unknown""}",2026-10-08 07:27:53.166715+05:30
placeholder_xna_xap,credit_card_balance,NAME_CONTRACT_STATUS,0,3840312,0,PASS,"{""policy"": ""staging normalized to NULL"", ""values"": [""XNA"", ""XAP""]}",2026-10-08 07:27:53.166715+05:30
previous_loan_owner_conflict,credit_card_balance,SK_ID_CURR,0,3840312,0,PASS,"{""policy"": ""blocking if source history contradicts a known loan parent applicant""}",2026-10-08 07:27:53.166715+05:30
row_count,credit_card_balance,,3840312,3840312,0,PASS,"{""scope"": ""loaded raw CSV, count compared with source by runner""}",2026-10-08 07:27:53.166715+05:30
absent_previous_loan_parent,installments_payments,SK_ID_PREV,1250826,13605401,1250826,WARN,"{""policy"": ""audit missing parent extracts separately from applicant cohort; do not invent outcomes""}",2026-10-08 07:27:53.166715+05:30
installment_due_day_conflict,installments_payments,DAYS_INSTALMENT,0,13605401,0,PASS,"{""unit"": ""EMIs"", ""grain"": [""SK_ID_CURR"", ""SK_ID_PREV"", ""NUM_INSTALMENT_VERSION"", ""NUM_INSTALMENT_NUMBER""], ""policy"": ""MIN due day, conflict flag""}",2026-10-08 07:27:53.166715+05:30
installment_exact_duplicate_source_rows,installments_payments,,0,13605401,0,PASS,"{""unit"": ""duplicate excess source rows"", ""grain"": [""SK_ID_CURR"", ""SK_ID_PREV"", ""NUM_INSTALMENT_VERSION"", ""NUM_INSTALMENT_NUMBER""], ""policy"": ""audited, no silent deletion; payment sum may include repeat source events""}",2026-10-08 07:27:53.166715+05:30
installment_future_due,installments_payments,DAYS_INSTALMENT,0,13605401,0,PASS,"{""unit"": ""EMIs"", ""grain"": [""SK_ID_CURR"", ""SK_ID_PREV"", ""NUM_INSTALMENT_VERSION"", ""NUM_INSTALMENT_NUMBER""], ""policy"": ""positive due days excluded from repayment history""}",2026-10-08 07:27:53.166715+05:30
installment_future_payment,installments_payments,DAYS_ENTRY_PAYMENT,0,13605401,0,PASS,"{""unit"": ""EMIs"", ""grain"": [""SK_ID_CURR"", ""SK_ID_PREV"", ""NUM_INSTALMENT_VERSION"", ""NUM_INSTALMENT_NUMBER""], ""policy"": ""positive days excluded from observed payment sums and settlement""}",2026-10-08 07:27:53.166715+05:30
installment_invalid_grain,installments_payments,,0,13605401,0,PASS,"{""unit"": ""EMIs"", ""grain"": [""SK_ID_CURR"", ""SK_ID_PREV"", ""NUM_INSTALMENT_VERSION"", ""NUM_INSTALMENT_NUMBER""], ""policy"": ""blocking: missing sequence/version cannot establish unique EMI grain""}",2026-10-08 07:27:53.166715+05:30
installment_missing_payment,installments_payments,,2905,13605401,2905,WARN,"{""unit"": ""EMIs"", ""grain"": [""SK_ID_CURR"", ""SK_ID_PREV"", ""NUM_INSTALMENT_VERSION"", ""NUM_INSTALMENT_NUMBER""], ""policy"": ""missing is not a proven zero amount; unsettled arrears lower bound at application date""}",2026-10-08 07:27:53.166715+05:30
installment_multiple_payment_rows,installments_payments,,640905,13605401,640905,WARN,"{""unit"": ""EMIs with multiple source rows"", ""grain"": [""SK_ID_CURR"", ""SK_ID_PREV"", ""NUM_INSTALMENT_VERSION"", ""NUM_INSTALMENT_NUMBER""], ""policy"": ""sum payments once, scheduled amount once per EMI""}",2026-10-08 07:27:53.166715+05:30
installment_scheduled_amount_conflict,installments_payments,AMT_INSTALMENT,0,13605401,0,PASS,"{""unit"": ""EMIs"", ""grain"": [""SK_ID_CURR"", ""SK_ID_PREV"", ""NUM_INSTALMENT_VERSION"", ""NUM_INSTALMENT_NUMBER""], ""policy"": ""MAX scheduled amount, conflict flag""}",2026-10-08 07:27:53.166715+05:30
negative_amount,installments_payments,AMT_INSTALMENT,0,13605401,0,PASS,"{""policy"": ""unexpected negatives audited; analyzed amount fields NULL in staging""}",2026-10-08 07:27:53.166715+05:30
negative_amount,installments_payments,AMT_PAYMENT,0,13605401,0,PASS,"{""policy"": ""unexpected negatives audited; analyzed amount fields NULL in staging""}",2026-10-08 07:27:53.166715+05:30
null_pct,installments_payments,AMT_INSTALMENT,0.000000000000000000000000,13605401,0,PASS,"{""unit"": ""percent"", ""policy"": ""missingness profiled, no raw mutation""}",2026-10-08 07:27:53.166715+05:30
null_pct,installments_payments,AMT_PAYMENT,0.02135181462126695126,13605401,2905,WARN,"{""unit"": ""percent"", ""policy"": ""missingness profiled, no raw mutation""}",2026-10-08 07:27:53.166715+05:30
null_pct,installments_payments,DAYS_ENTRY_PAYMENT,0.02135181462126695126,13605401,2905,WARN,"{""unit"": ""percent"", ""policy"": ""missingness profiled, no raw mutation""}",2026-10-08 07:27:53.166715+05:30
null_pct,installments_payments,DAYS_INSTALMENT,0.000000000000000000000000,13605401,0,PASS,"{""unit"": ""percent"", ""policy"": ""missingness profiled, no raw mutation""}",2026-10-08 07:27:53.166715+05:30
null_pct,installments_payments,NUM_INSTALMENT_NUMBER,0.000000000000000000000000,13605401,0,PASS,"{""unit"": ""percent"", ""policy"": ""missingness profiled, no raw mutation""}",2026-10-08 07:27:53.166715+05:30
null_pct,installments_payments,NUM_INSTALMENT_VERSION,0.000000000000000000000000,13605401,0,PASS,"{""unit"": ""percent"", ""policy"": ""missingness profiled, no raw mutation""}",2026-10-08 07:27:53.166715+05:30
null_pct,installments_payments,SK_ID_CURR,0.000000000000000000000000,13605401,0,PASS,"{""unit"": ""percent"", ""policy"": ""missingness profiled, no raw mutation""}",2026-10-08 07:27:53.166715+05:30
null_pct,installments_payments,SK_ID_PREV,0.000000000000000000000000,13605401,0,PASS,"{""unit"": ""percent"", ""policy"": ""missingness profiled, no raw mutation""}",2026-10-08 07:27:53.166715+05:30
outside_training_cohort,installments_payments,SK_ID_CURR,2013809,13605401,2013809,WARN,"{""policy"": ""exclude from staging train analysis; these are not automatically corrupt foreign keys"", ""other_cohort_outcomes"": ""unknown""}",2026-10-08 07:27:53.166715+05:30
previous_loan_owner_conflict,installments_payments,SK_ID_CURR,0,13605401,0,PASS,"{""policy"": ""blocking if source history contradicts a known loan parent applicant""}",2026-10-08 07:27:53.166715+05:30
row_count,installments_payments,,13605401,13605401,0,PASS,"{""scope"": ""loaded raw CSV, count compared with source by runner""}",2026-10-08 07:27:53.166715+05:30
sentinel_365243,installments_payments,DAYS_ENTRY_PAYMENT,0,13605401,0,PASS,"{""policy"": ""staging NULL plus available missing flags"", ""sentinel"": ""absolute value 365243""}",2026-10-08 07:27:53.166715+05:30
sentinel_365243,installments_payments,DAYS_INSTALMENT,0,13605401,0,PASS,"{""policy"": ""staging NULL plus available missing flags"", ""sentinel"": ""absolute value 365243""}",2026-10-08 07:27:53.166715+05:30
absent_previous_loan_parent,pos_cash_balance,SK_ID_PREV,340561,10001358,340561,WARN,"{""policy"": ""audit missing parent extracts separately from applicant cohort; do not invent outcomes""}",2026-10-08 07:27:53.166715+05:30
duplicate_loan_month_source_rows,pos_cash_balance,MONTHS_BALANCE,0,10001358,0,PASS,"{""policy"": ""aggregate one snapshot per loan/month before windows; MAX observed DPD with conflicts flagged""}",2026-10-08 07:27:53.166715+05:30
future_relative_month,pos_cash_balance,MONTHS_BALANCE,0,10001358,0,PASS,"{""policy"": ""positive relative months excluded from observed features and roll rates""}",2026-10-08 07:27:53.166715+05:30
history_loan_multiple_applicants,pos_cash_balance,SK_ID_CURR,0,10001358,0,PASS,"{""policy"": ""blocking: a loan cannot belong to multiple applicants""}",2026-10-08 07:27:53.166715+05:30
null_pct,pos_cash_balance,CNT_INSTALMENT,0.26067460038926713752,10001358,26071,WARN,"{""unit"": ""percent"", ""policy"": ""missingness profiled, no raw mutation""}",2026-10-08 07:27:53.166715+05:30
null_pct,pos_cash_balance,CNT_INSTALMENT_FUTURE,0.26083457866421739928,10001358,26087,WARN,"{""unit"": ""percent"", ""policy"": ""missingness profiled, no raw mutation""}",2026-10-08 07:27:53.166715+05:30
null_pct,pos_cash_balance,MONTHS_BALANCE,0.000000000000000000000000,10001358,0,PASS,"{""unit"": ""percent"", ""policy"": ""missingness profiled, no raw mutation""}",2026-10-08 07:27:53.166715+05:30
null_pct,pos_cash_balance,NAME_CONTRACT_STATUS,0.000000000000000000000000,10001358,0,PASS,"{""unit"": ""percent"", ""policy"": ""missingness profiled, no raw mutation""}",2026-10-08 07:27:53.166715+05:30
null_pct,pos_cash_balance,SK_DPD,0.000000000000000000000000,10001358,0,PASS,"{""unit"": ""percent"", ""policy"": ""missingness profiled, no raw mutation""}",2026-10-08 07:27:53.166715+05:30
null_pct,pos_cash_balance,SK_DPD_DEF,0.000000000000000000000000,10001358,0,PASS,"{""unit"": ""percent"", ""policy"": ""missingness profiled, no raw mutation""}",2026-10-08 07:27:53.166715+05:30
null_pct,pos_cash_balance,SK_ID_CURR,0.000000000000000000000000,10001358,0,PASS,"{""unit"": ""percent"", ""policy"": ""missingness profiled, no raw mutation""}",2026-10-08 07:27:53.166715+05:30
null_pct,pos_cash_balance,SK_ID_PREV,0.000000000000000000000000,10001358,0,PASS,"{""unit"": ""percent"", ""policy"": ""missingness profiled, no raw mutation""}",2026-10-08 07:27:53.166715+05:30
outside_training_cohort,pos_cash_balance,SK_ID_CURR,1457983,10001358,1457983,WARN,"{""policy"": ""exclude from staging train analysis; these are not automatically corrupt foreign keys"", ""other_cohort_outcomes"": ""unknown""}",2026-10-08 07:27:53.166715+05:30
placeholder_xna_xap,pos_cash_balance,NAME_CONTRACT_STATUS,2,10001358,2,WARN,"{""policy"": ""staging normalized to NULL"", ""values"": [""XNA"", ""XAP""]}",2026-10-08 07:27:53.166715+05:30
previous_loan_owner_conflict,pos_cash_balance,SK_ID_CURR,0,10001358,0,PASS,"{""policy"": ""blocking if source history contradicts a known loan parent applicant""}",2026-10-08 07:27:53.166715+05:30
row_count,pos_cash_balance,,10001358,10001358,0,PASS,"{""scope"": ""loaded raw CSV, count compared with source by runner""}",2026-10-08 07:27:53.166715+05:30
negative_amount,previous_application,AMT_ANNUITY,0,1670214,0,PASS,"{""policy"": ""unexpected negatives audited; analyzed amount fields NULL in staging""}",2026-10-08 07:27:53.166715+05:30
negative_amount,previous_application,AMT_APPLICATION,0,1670214,0,PASS,"{""policy"": ""unexpected negatives audited; analyzed amount fields NULL in staging""}",2026-10-08 07:27:53.166715+05:30
negative_amount,previous_application,AMT_CREDIT,0,1670214,0,PASS,"{""policy"": ""unexpected negatives audited; analyzed amount fields NULL in staging""}",2026-10-08 07:27:53.166715+05:30
negative_amount,previous_application,AMT_DOWN_PAYMENT,2,1670214,2,WARN,"{""policy"": ""unexpected negatives audited; analyzed amount fields NULL in staging""}",2026-10-08 07:27:53.166715+05:30
negative_amount,previous_application,AMT_GOODS_PRICE,0,1670214,0,PASS,"{""policy"": ""unexpected negatives audited; analyzed amount fields NULL in staging""}",2026-10-08 07:27:53.166715+05:30
null_pct,previous_application,AMT_ANNUITY,22.2866650620818650,1670214,372235,WARN,"{""unit"": ""percent"", ""policy"": ""missingness profiled, no raw mutation""}",2026-10-08 07:27:53.166715+05:30
null_pct,previous_application,AMT_APPLICATION,0.000000000000000000000000,1670214,0,PASS,"{""unit"": ""percent"", ""policy"": ""missingness profiled, no raw mutation""}",2026-10-08 07:27:53.166715+05:30
null_pct,previous_application,AMT_CREDIT,0.000059872567227912111861,1670214,1,WARN,"{""unit"": ""percent"", ""policy"": ""missingness profiled, no raw mutation""}",2026-10-08 07:27:53.166715+05:30
null_pct,previous_application,AMT_DOWN_PAYMENT,53.6364801157216979,1670214,895844,WARN,"{""unit"": ""percent"", ""policy"": ""missingness profiled, no raw mutation""}",2026-10-08 07:27:53.166715+05:30
null_pct,previous_application,AMT_GOODS_PRICE,23.0817727548685378,1670214,385515,WARN,"{""unit"": ""percent"", ""policy"": ""missingness profiled, no raw mutation""}",2026-10-08 07:27:53.166715+05:30
null_pct,previous_application,CHANNEL_TYPE,0.000000000000000000000000,1670214,0,PASS,"{""unit"": ""percent"", ""policy"": ""missingness profiled, no raw mutation""}",2026-10-08 07:27:53.166715+05:30
null_pct,previous_application,CNT_PAYMENT,22.2863656992457254,1670214,372230,WARN,"{""unit"": ""percent"", ""policy"": ""missingness profiled, no raw mutation""}",2026-10-08 07:27:53.166715+05:30
null_pct,previous_application,CODE_REJECT_REASON,0.000000000000000000000000,1670214,0,PASS,"{""unit"": ""percent"", ""policy"": ""missingness profiled, no raw mutation""}",2026-10-08 07:27:53.166715+05:30
null_pct,previous_application,DAYS_DECISION,0.000000000000000000000000,1670214,0,PASS,"{""unit"": ""percent"", ""policy"": ""missingness profiled, no raw mutation""}",2026-10-08 07:27:53.166715+05:30
null_pct,previous_application,DAYS_FIRST_DRAWING,40.2981294612546656,1670214,673065,WARN,"{""unit"": ""percent"", ""policy"": ""missingness profiled, no raw mutation""}",2026-10-08 07:27:53.166715+05:30
null_pct,previous_application,DAYS_FIRST_DUE,40.2981294612546656,1670214,673065,WARN,"{""unit"": ""percent"", ""policy"": ""missingness profiled, no raw mutation""}",2026-10-08 07:27:53.166715+05:30
null_pct,previous_application,DAYS_LAST_DUE,40.2981294612546656,1670214,673065,WARN,"{""unit"": ""percent"", ""policy"": ""missingness profiled, no raw mutation""}",2026-10-08 07:27:53.166715+05:30
null_pct,previous_application,DAYS_LAST_DUE_1ST_VERSION,40.2981294612546656,1670214,673065,WARN,"{""unit"": ""percent"", ""policy"": ""missingness profiled, no raw mutation""}",2026-10-08 07:27:53.166715+05:30
null_pct,previous_application,DAYS_TERMINATION,40.2981294612546656,1670214,673065,WARN,"{""unit"": ""percent"", ""policy"": ""missingness profiled, no raw mutation""}",2026-10-08 07:27:53.166715+05:30
null_pct,previous_application,FLAG_LAST_APPL_PER_CONTRACT,0.000000000000000000000000,1670214,0,PASS,"{""unit"": ""percent"", ""policy"": ""missingness profiled, no raw mutation""}",2026-10-08 07:27:53.166715+05:30
null_pct,previous_application,HOUR_APPR_PROCESS_START,0.000000000000000000000000,1670214,0,PASS,"{""unit"": ""percent"", ""policy"": ""missingness profiled, no raw mutation""}",2026-10-08 07:27:53.166715+05:30
null_pct,previous_application,NAME_CASH_LOAN_PURPOSE,0.000000000000000000000000,1670214,0,PASS,"{""unit"": ""percent"", ""policy"": ""missingness profiled, no raw mutation""}",2026-10-08 07:27:53.166715+05:30
null_pct,previous_application,NAME_CLIENT_TYPE,0.000000000000000000000000,1670214,0,PASS,"{""unit"": ""percent"", ""policy"": ""missingness profiled, no raw mutation""}",2026-10-08 07:27:53.166715+05:30
null_pct,previous_application,NAME_CONTRACT_STATUS,0.000000000000000000000000,1670214,0,PASS,"{""unit"": ""percent"", ""policy"": ""missingness profiled, no raw mutation""}",2026-10-08 07:27:53.166715+05:30
null_pct,previous_application,NAME_CONTRACT_TYPE,0.000000000000000000000000,1670214,0,PASS,"{""unit"": ""percent"", ""policy"": ""missingness profiled, no raw mutation""}",2026-10-08 07:27:53.166715+05:30
null_pct,previous_application,NAME_GOODS_CATEGORY,0.000000000000000000000000,1670214,0,PASS,"{""unit"": ""percent"", ""policy"": ""missingness profiled, no raw mutation""}",2026-10-08 07:27:53.166715+05:30
null_pct,previous_application,NAME_PAYMENT_TYPE,0.000000000000000000000000,1670214,0,PASS,"{""unit"": ""percent"", ""policy"": ""missingness profiled, no raw mutation""}",2026-10-08 07:27:53.166715+05:30
null_pct,previous_application,NAME_PORTFOLIO,0.000000000000000000000000,1670214,0,PASS,"{""unit"": ""percent"", ""policy"": ""missingness profiled, no raw mutation""}",2026-10-08 07:27:53.166715+05:30
null_pct,previous_application,NAME_PRODUCT_TYPE,0.000000000000000000000000,1670214,0,PASS,"{""unit"": ""percent"", ""policy"": ""missingness profiled, no raw mutation""}",2026-10-08 07:27:53.166715+05:30
null_pct,previous_application,NAME_SELLER_INDUSTRY,0.000000000000000000000000,1670214,0,PASS,"{""unit"": ""percent"", ""policy"": ""missingness profiled, no raw mutation""}",2026-10-08 07:27:53.166715+05:30
null_pct,previous_application,NAME_TYPE_SUITE,49.1197535166152361,1670214,820405,WARN,"{""unit"": ""percent"", ""policy"": ""missingness profiled, no raw mutation""}",2026-10-08 07:27:53.166715+05:30
null_pct,previous_application,NAME_YIELD_GROUP,0.000000000000000000000000,1670214,0,PASS,"{""unit"": ""percent"", ""policy"": ""missingness profiled, no raw mutation""}",2026-10-08 07:27:53.166715+05:30
null_pct,previous_application,NFLAG_INSURED_ON_APPROVAL,40.2981294612546656,1670214,673065,WARN,"{""unit"": ""percent"", ""policy"": ""missingness profiled, no raw mutation""}",2026-10-08 07:27:53.166715+05:30
null_pct,previous_application,NFLAG_LAST_APPL_IN_DAY,0.000000000000000000000000,1670214,0,PASS,"{""unit"": ""percent"", ""policy"": ""missingness profiled, no raw mutation""}",2026-10-08 07:27:53.166715+05:30
null_pct,previous_application,PRODUCT_COMBINATION,0.02071590826085759070,1670214,346,WARN,"{""unit"": ""percent"", ""policy"": ""missingness profiled, no raw mutation""}",2026-10-08 07:27:53.166715+05:30
null_pct,previous_application,RATE_DOWN_PAYMENT,53.6364801157216979,1670214,895844,WARN,"{""unit"": ""percent"", ""policy"": ""missingness profiled, no raw mutation""}",2026-10-08 07:27:53.166715+05:30
null_pct,previous_application,RATE_INTEREST_PRIMARY,99.6436983524266950,1670214,1664263,WARN,"{""unit"": ""percent"", ""policy"": ""missingness profiled, no raw mutation""}",2026-10-08 07:27:53.166715+05:30
null_pct,previous_application,RATE_INTEREST_PRIVILEGED,99.6436983524266950,1670214,1664263,WARN,"{""unit"": ""percent"", ""policy"": ""missingness profiled, no raw mutation""}",2026-10-08 07:27:53.166715+05:30
null_pct,previous_application,SELLERPLACE_AREA,0.000000000000000000000000,1670214,0,PASS,"{""unit"": ""percent"", ""policy"": ""missingness profiled, no raw mutation""}",2026-10-08 07:27:53.166715+05:30
null_pct,previous_application,SK_ID_CURR,0.000000000000000000000000,1670214,0,PASS,"{""unit"": ""percent"", ""policy"": ""missingness profiled, no raw mutation""}",2026-10-08 07:27:53.166715+05:30
null_pct,previous_application,SK_ID_PREV,0.000000000000000000000000,1670214,0,PASS,"{""unit"": ""percent"", ""policy"": ""missingness profiled, no raw mutation""}",2026-10-08 07:27:53.166715+05:30
null_pct,previous_application,WEEKDAY_APPR_PROCESS_START,0.000000000000000000000000,1670214,0,PASS,"{""unit"": ""percent"", ""policy"": ""missingness profiled, no raw mutation""}",2026-10-08 07:27:53.166715+05:30
outside_training_cohort,previous_application,SK_ID_CURR,256513,1670214,256513,WARN,"{""policy"": ""exclude from staging train analysis; these are not automatically corrupt foreign keys"", ""other_cohort_outcomes"": ""unknown""}",2026-10-08 07:27:53.166715+05:30
placeholder_xna_xap,previous_application,CHANNEL_TYPE,0,1670214,0,PASS,"{""policy"": ""staging normalized to NULL"", ""values"": [""XNA"", ""XAP""]}",2026-10-08 07:27:53.166715+05:30
placeholder_xna_xap,previous_application,CODE_REJECT_REASON,1358337,1670214,1358337,WARN,"{""policy"": ""staging normalized to NULL"", ""values"": [""XNA"", ""XAP""]}",2026-10-08 07:27:53.166715+05:30
placeholder_xna_xap,previous_application,FLAG_LAST_APPL_PER_CONTRACT,0,1670214,0,PASS,"{""policy"": ""staging normalized to NULL"", ""values"": [""XNA"", ""XAP""]}",2026-10-08 07:27:53.166715+05:30
placeholder_xna_xap,previous_application,NAME_CASH_LOAN_PURPOSE,1600579,1670214,1600579,WARN,"{""policy"": ""staging normalized to NULL"", ""values"": [""XNA"", ""XAP""]}",2026-10-08 07:27:53.166715+05:30
placeholder_xna_xap,previous_application,NAME_CLIENT_TYPE,1941,1670214,1941,WARN,"{""policy"": ""staging normalized to NULL"", ""values"": [""XNA"", ""XAP""]}",2026-10-08 07:27:53.166715+05:30
placeholder_xna_xap,previous_application,NAME_CONTRACT_STATUS,0,1670214,0,PASS,"{""policy"": ""staging normalized to NULL"", ""values"": [""XNA"", ""XAP""]}",2026-10-08 07:27:53.166715+05:30
placeholder_xna_xap,previous_application,NAME_CONTRACT_TYPE,346,1670214,346,WARN,"{""policy"": ""staging normalized to NULL"", ""values"": [""XNA"", ""XAP""]}",2026-10-08 07:27:53.166715+05:30
placeholder_xna_xap,previous_application,NAME_GOODS_CATEGORY,950809,1670214,950809,WARN,"{""policy"": ""staging normalized to NULL"", ""values"": [""XNA"", ""XAP""]}",2026-10-08 07:27:53.166715+05:30
placeholder_xna_xap,previous_application,NAME_PAYMENT_TYPE,627384,1670214,627384,WARN,"{""policy"": ""staging normalized to NULL"", ""values"": [""XNA"", ""XAP""]}",2026-10-08 07:27:53.166715+05:30
placeholder_xna_xap,previous_application,NAME_PORTFOLIO,372230,1670214,372230,WARN,"{""policy"": ""staging normalized to NULL"", ""values"": [""XNA"", ""XAP""]}",2026-10-08 07:27:53.166715+05:30
placeholder_xna_xap,previous_application,NAME_PRODUCT_TYPE,1063666,1670214,1063666,WARN,"{""policy"": ""staging normalized to NULL"", ""values"": [""XNA"", ""XAP""]}",2026-10-08 07:27:53.166715+05:30
placeholder_xna_xap,previous_application,NAME_SELLER_INDUSTRY,855720,1670214,855720,WARN,"{""policy"": ""staging normalized to NULL"", ""values"": [""XNA"", ""XAP""]}",2026-10-08 07:27:53.166715+05:30
placeholder_xna_xap,previous_application,NAME_TYPE_SUITE,0,1670214,0,PASS,"{""policy"": ""staging normalized to NULL"", ""values"": [""XNA"", ""XAP""]}",2026-10-08 07:27:53.166715+05:30
placeholder_xna_xap,previous_application,NAME_YIELD_GROUP,517215,1670214,517215,WARN,"{""policy"": ""staging normalized to NULL"", ""values"": [""XNA"", ""XAP""]}",2026-10-08 07:27:53.166715+05:30
placeholder_xna_xap,previous_application,PRODUCT_COMBINATION,0,1670214,0,PASS,"{""policy"": ""staging normalized to NULL"", ""values"": [""XNA"", ""XAP""]}",2026-10-08 07:27:53.166715+05:30
placeholder_xna_xap,previous_application,WEEKDAY_APPR_PROCESS_START,0,1670214,0,PASS,"{""policy"": ""staging normalized to NULL"", ""values"": [""XNA"", ""XAP""]}",2026-10-08 07:27:53.166715+05:30
primary_key_duplicates_or_null,previous_application,SK_ID_PREV,0,1670214,0,PASS,"{""policy"": ""blocking: entity ownership must be unambiguous"", ""null_keys"": 0, ""duplicate_excess_nonnull"": 0}",2026-10-08 07:27:53.166715+05:30
row_count,previous_application,,1670214,1670214,0,PASS,"{""scope"": ""loaded raw CSV, count compared with source by runner""}",2026-10-08 07:27:53.166715+05:30
sentinel_365243,previous_application,DAYS_DECISION,0,1670214,0,PASS,"{""policy"": ""staging NULL plus available missing flags"", ""sentinel"": ""absolute value 365243""}",2026-10-08 07:27:53.166715+05:30
sentinel_365243,previous_application,DAYS_FIRST_DRAWING,934444,1670214,934444,WARN,"{""policy"": ""staging NULL plus available missing flags"", ""sentinel"": ""absolute value 365243""}",2026-10-08 07:27:53.166715+05:30
sentinel_365243,previous_application,DAYS_FIRST_DUE,40645,1670214,40645,WARN,"{""policy"": ""staging NULL plus available missing flags"", ""sentinel"": ""absolute value 365243""}",2026-10-08 07:27:53.166715+05:30
sentinel_365243,previous_application,DAYS_LAST_DUE,211221,1670214,211221,WARN,"{""policy"": ""staging NULL plus available missing flags"", ""sentinel"": ""absolute value 365243""}",2026-10-08 07:27:53.166715+05:30
sentinel_365243,previous_application,DAYS_LAST_DUE_1ST_VERSION,93864,1670214,93864,WARN,"{""policy"": ""staging NULL plus available missing flags"", ""sentinel"": ""absolute value 365243""}",2026-10-08 07:27:53.166715+05:30
sentinel_365243,previous_application,DAYS_TERMINATION,225913,1670214,225913,WARN,"{""policy"": ""staging NULL plus available missing flags"", ""sentinel"": ""absolute value 365243""}",2026-10-08 07:27:53.166715+05:30
