split,bin,pd_lower,pd_upper,applicants,mean_predicted_pd,observed_bad_rate,bad_rate_ci_low,bad_rate_ci_high
train,1,0.0,0.1,134570,0.04480350019175145,0.044571598424611725,0.04348197811409746,0.04568721947095192
train,2,0.1,0.2,35899,0.1388942909877326,0.13852753558594946,0.13499267806126206,0.14213974529394266
train,3,0.2,0.30000000000000004,10117,0.23998898846008826,0.2494810714638727,0.241145392351714,0.2580069241207295
train,4,0.30000000000000004,0.4,2979,0.3408082690848632,0.3393756294058409,0.32258899099701205,0.3565759887004463
train,5,0.4,0.5,757,0.4397200537763361,0.3989431968295905,0.3646548917027044,0.4342519656639403
train,6,0.5,0.6000000000000001,163,0.5336576018489351,0.44785276073619634,0.3735883294789134,0.5245185312488507
train,7,0.6000000000000001,0.7000000000000001,21,0.6313378773348701,0.6666666666666666,0.4537345197425581,0.828052473949162
train,8,0.7000000000000001,0.8,0,,,,
train,9,0.8,0.9,0,,,,
train,10,0.9,1.0,0,,,,
validation,1,0.0,0.1,44821,0.044604869357546525,0.04364025791481672,0.041787739134825676,0.04557099614186382
validation,2,0.1,0.2,12063,0.1389927113361851,0.14474011439940312,0.13857457541353377,0.15113184616750744
validation,3,0.2,0.30000000000000004,3285,0.23949195096920237,0.24079147640791476,0.2264784957020069,0.25570998272630313
validation,4,0.30000000000000004,0.4,1010,0.338951538337901,0.3316831683168317,0.3033327320984092,0.36130911397929016
validation,5,0.4,0.5,261,0.4369260659342352,0.3946360153256705,0.3372788338682927,0.45504975303457307
validation,6,0.5,0.6000000000000001,59,0.5368760741775485,0.5423728813559322,0.416578366101038,0.6629869414814379
validation,7,0.6000000000000001,0.7000000000000001,3,0.6490002358586834,0.6666666666666666,0.20765960080205476,0.9385080552796012
validation,8,0.7000000000000001,0.8,0,,,,
validation,9,0.8,0.9,0,,,,
validation,10,0.9,1.0,0,,,,
test,1,0.0,0.1,44767,0.04474590789866494,0.044027967029284965,0.042166321445646505,0.04596785987078012
test,2,0.1,0.2,11981,0.13892378376769252,0.13930389783824387,0.133219191854525,0.14561982911234314
test,3,0.2,0.30000000000000004,3365,0.24034945854394732,0.2413075780089153,0.22715093871386374,0.2560541864660373
test,4,0.30000000000000004,0.4,1037,0.34069077404273407,0.33461909353905495,0.30655702218845404,0.36390191553619244
test,5,0.4,0.5,289,0.4363587225957282,0.4463667820069204,0.3901297453825444,0.5040109267584817
test,6,0.5,0.6000000000000001,59,0.5299641282654172,0.5932203389830508,0.4659340125533773,0.7091096641280694
test,7,0.6000000000000001,0.7000000000000001,5,0.6290624999896923,0.4,0.11762077423265177,0.7692757187239805
test,8,0.7000000000000001,0.8,0,,,,
test,9,0.8,0.9,0,,,,
test,10,0.9,1.0,0,,,,
