feature,level,applicants,bad_count,bad_rate,bad_rate_ci_low,bad_rate_ci_high
income_type,Businessman,10,0,0.0,2.7755575615628914e-17,0.27753279986287815
income_type,Commercial associate,71617,5360,0.07484256531270508,0.07293810627779189,0.07679263187594092
income_type,Maternity leave,5,2,0.4,0.11762077423265177,0.7692757187239805
income_type,Pensioner,55362,2982,0.053863660994906255,0.05201395327278594,0.055775277443763004
income_type,State servant,21703,1249,0.05754964751416855,0.05452882355902453,0.06072707230988166
income_type,Student,18,0,0.0,0.0,0.17587922364664965
income_type,Unemployed,22,8,0.36363636363636365,0.1973320467036647,0.5704829190986845
income_type,Working,158774,15224,0.09588471664126369,0.09444622342103881,0.09734276412933315
education_type,Academic degree,164,3,0.018292682926829267,0.006240347155917248,0.05239509899572521
education_type,Higher education,74863,4009,0.05355115344028425,0.05196126238457767,0.055186859567822044
education_type,Incomplete higher,10277,872,0.08484966429891992,0.07961607303286873,0.0903934992206837
education_type,Lower secondary,3816,417,0.10927672955974843,0.09976812038393498,0.11957120766225104
education_type,Secondary / secondary special,218391,19524,0.08939928843221562,0.0882098643037738,0.09060315709345594
family_status,Civil marriage,29775,2961,0.09944584382871537,0.09609819079398782,0.1028968395202429
family_status,Married,196432,14850,0.07559868045939562,0.0744379219706821,0.07677603795754
family_status,Separated,19770,1620,0.0819423368740516,0.0781998009399904,0.08584730470592264
family_status,Single / not married,45444,4457,0.0980767538068832,0.09537613249654472,0.10084531988862425
family_status,Unknown,2,0,0.0,0.0,0.6576197724933345
family_status,Widow,16088,937,0.058242168075584286,0.05472754664237933,0.06196770316020685
gender,F,202448,14170,0.06999328222555916,0.06889004208140191,0.07111284084908463
gender,M,105059,10655,0.1014192025433328,0.09960830046934174,0.10325925158686874
gender,__MISSING__,4,0,0.0,0.0,0.48989083645458353
housing_type,Co-op apartment,1122,89,0.07932263814616755,0.06490727191648023,0.09660877227962776
housing_type,House / apartment,272868,21272,0.07795710746588094,0.07695709122254422,0.07896900665311958
housing_type,Municipal apartment,11183,955,0.08539747831530001,0.08035904557597078,0.09072065246620113
housing_type,Office apartment,2617,172,0.06572411157814291,0.05685234197340297,0.07586894784365178
housing_type,Rented apartment,4881,601,0.12313050604384347,0.11420758321629759,0.13264617221997607
housing_type,With parents,14840,1736,0.1169811320754717,0.11190897905754997,0.12225152908741106
occupation_type,Accountants,9813,474,0.04830327117089575,0.04423503701219219,0.052725015038504734
occupation_type,Cleaning staff,4653,447,0.09606705351386202,0.08793005368868777,0.10487046717080155
occupation_type,Cooking staff,5946,621,0.10443995963673057,0.09692016829398693,0.11247053017138521
occupation_type,Core staff,27570,1738,0.06303953572723975,0.060231187646452126,0.06596963439053374
occupation_type,Drivers,18603,2107,0.11326130194054722,0.10878689307050014,0.11789539839499726
occupation_type,HR staff,563,36,0.06394316163410302,0.046542375665616545,0.08725422237871326
occupation_type,High skill tech staff,11380,701,0.06159929701230228,0.05732818161635718,0.06616628761936702
occupation_type,IT staff,526,34,0.06463878326996197,0.046621790512737495,0.08896869155447673
occupation_type,Laborers,55186,5838,0.10578769977892943,0.10324899335353802,0.10838128406872061
occupation_type,Low-skill Laborers,2093,359,0.17152412804586717,0.1559797269514469,0.18827207891787817
occupation_type,Managers,21371,1328,0.06214028356183613,0.058981693078556295,0.0654562572072955
occupation_type,Medicine staff,8537,572,0.06700245988052009,0.06189110318032355,0.07250331970587133
occupation_type,Private service staff,2652,175,0.06598793363499246,0.057153034760739546,0.07607835886989325
occupation_type,Realty agents,751,59,0.07856191744340879,0.061393470867414854,0.10001983969855434
occupation_type,Sales staff,32102,3092,0.0963179864182917,0.09313878715914539,0.09959378665479088
occupation_type,Secretaries,1305,92,0.07049808429118774,0.05783335552598035,0.08568399529964586
occupation_type,Security staff,6721,722,0.10742449040321381,0.10024450301869875,0.11505298283081827
occupation_type,Waiters/barmen staff,1348,152,0.11275964391691394,0.09696319968625765,0.13075689042641397
occupation_type,__MISSING__,96391,6278,0.06513056198192778,0.06359007679529512,0.06670570738508745
contract_type,Cash loans,278232,23221,0.08345912763449208,0.08243719081793209,0.08449256638121273
contract_type,Revolving loans,29279,1604,0.05478329177909082,0.05223470202072901,0.05744869271872549
region_rating,1,32197,1552,0.04820324874988353,0.04591701677559995,0.050597276578972325
region_rating,2,226984,17907,0.07889102315581716,0.0777891664041575,0.08000713329464654
region_rating,3,48330,5366,0.11102834678253673,0.10825828278689587,0.11386023986285837
region_rating_city,1,34167,1654,0.04840928381186525,0.046183812991185305,0.0507362895708718
region_rating_city,2,229484,18170,0.07917763329905353,0.07807992181679776,0.0802894332993086
region_rating_city,3,43860,5001,0.1140218878248974,0.11108109168867464,0.11703028948650498
age_band,25-35,72429,7721,0.1066009471344351,0.10437429741034626,0.10886932451220277
age_band,35-45,84261,7085,0.08408397716618601,0.0822291019378778,0.08597677388694405
age_band,45-55,70190,4946,0.07046587833024648,0.0685959338127535,0.07238283659157183
age_band,55-65,60522,3281,0.05421169161627177,0.052435827087646304,0.05604414279906437
age_band,<=25,12233,1504,0.12294612932232486,0.11724515466914404,0.12888383776375745
age_band,>65,7876,288,0.036566785170137124,0.03264233016995582,0.040943091802160055
