feature,null_count,null_pct
applicant_id,0,0.0
target,0,0.0
contract_type,0,0.0
gender,4,0.0013007664766463637
owns_car,0,0.0
owns_realty,0,0.0
children_count,0,0.0
family_members_count,2,0.0006503832383231819
income_type,0,0.0
education_type,0,0.0
family_status,0,0.0
housing_type,0,0.0
occupation_type,96391,31.345545362604916
region_rating,0,0.0
region_rating_city,0,0.0
income_amount,0,0.0
credit_amount,0,0.0
annuity_amount,12,0.003902299429939092
goods_amount,278,0.09040327012692229
days_birth,0,0.0
days_employed,55374,18.00716071945394
is_employed_missing,0,0.0
is_age_invalid,0,0.0
is_income_invalid,0,0.0
ext_source_1,173378,56.381072546998325
ext_source_2,660,0.21462646864665005
ext_source_3,60965,19.825307062186393
days_registration,0,0.0
days_id_publish,0,0.0
days_last_phone_change,1,0.00032519161916159093
age_years,0,0.0
employed_years,55374,18.00716071945394
credit_to_income,0,0.0
annuity_to_income,12,0.003902299429939092
credit_to_goods,278,0.09040327012692229
prev_loans_with_installments,0,0.0
installment_count,0,0.0
settled_installment_count,0,0.0
unpaid_installment_count,0,0.0
late_installment_count,0,0.0
max_days_late,15868,5.160140612856125
mean_days_late,15868,5.160140612856125
scheduled_installment_amount,15868,5.160140612856125
installment_paid_amount,15868,5.160140612856125
measured_installment_paid_amount,15868,5.160140612856125
installment_outstanding_amount,15868,5.160140612856125
installment_paid_ratio,15871,5.16111618771361
installment_late_rate,15868,5.160140612856125
missing_payment_installment_count,0,0.0
due_day_conflict_installment_count,0,0.0
amount_conflict_installment_count,0,0.0
missing_scheduled_installment_count,0,0.0
future_payment_row_count,0,0.0
bureau_loan_count,0,0.0
bureau_active_loan_count,0,0.0
bureau_closed_loan_count,0,0.0
bureau_credit_sum,44021,14.315260267112395
bureau_debt_sum,51465,16.735986680151278
bureau_overdue_sum,44020,14.314935075493235
bureau_max_dpd,44020,14.314935075493235
bureau_months_31plus,0,0.0
bureau_credit_to_debt_ratio,122313,39.77516251451168
bureau_observed_month_count,0,0.0
bureau_unknown_status_month_count,0,0.0
bureau_status_conflict_month_count,0,0.0
previous_application_count,0,0.0
previous_approved_count,0,0.0
previous_refused_count,0,0.0
previous_refusal_rate,16454,5.350702901684818
previous_credit_mean,16454,5.350702901684818
previous_credit_sum,16454,5.350702901684818
previous_annuity_mean,16871,5.486307806875201
previous_latest_decision_day,16454,5.350702901684818
pos_loan_count,0,0.0
pos_month_count,0,0.0
pos_max_dpd,18067,5.8752369833924645
pos_max_dpd_def,18067,5.8752369833924645
pos_delinquent_month_rate,18067,5.8752369833924645
cc_loan_count,0,0.0
cc_month_count,0,0.0
cc_max_dpd,220606,71.73922233676193
cc_max_dpd_def,220606,71.73922233676193
cc_utilization_mean,221475,72.02181385381336
cc_utilization_max,221475,72.02181385381336
cc_balance_sum_latest,220606,71.73922233676193
cc_limit_sum_latest,220606,71.73922233676193
cc_amount_conflict_month_count,0,0.0
