feature,iv,kind,fit_split,selected
ext_source_3,0.3027447149753835,numeric,train,True
ext_source_2,0.2781890930219386,numeric,train,True
ext_source_1,0.14019370410909715,numeric,train,True
employed_years,0.10802612269519205,numeric,train,True
occupation_type,0.08156505560603436,categorical,train,True
age_years,0.08132974839544545,numeric,train,True
credit_to_goods,0.06686774738278423,numeric,train,True
bureau_credit_to_debt_ratio,0.06271937009990405,numeric,train,True
cc_utilization_mean,0.06133557816418422,numeric,train,True
installment_late_rate,0.06041974352039891,numeric,train,True
previous_refusal_rate,0.05625178854574661,numeric,train,True
income_type,0.05465928365719449,categorical,train,True
mean_days_late,0.049367405093507795,numeric,train,True
education_type,0.048105880932792,categorical,train,True
cc_utilization_max,0.045925297084647966,numeric,train,True
goods_amount,0.04397612412289524,numeric,train,True
previous_refused_count,0.04139417231750485,numeric,train,True
bureau_closed_loan_count,0.039997064809590935,numeric,train,True
gender,0.03805795553719638,categorical,train,True
late_installment_count,0.0366990200977467,numeric,train,True
bureau_debt_sum,0.03636025592394376,numeric,train,True
credit_amount,0.03617917864041148,numeric,train,True
max_days_late,0.035941309654108376,numeric,train,True
installment_paid_amount,0.03194956254061864,numeric,train,True
scheduled_installment_amount,0.031874961597722656,numeric,train,True
region_rating_city,0.031398152833231746,numeric,train,False
pos_loan_count,0.030738913396908145,numeric,train,False
region_rating,0.029923298825840015,numeric,train,False
cc_balance_sum_latest,0.026789553160617374,numeric,train,False
prev_loans_with_installments,0.022273401371002817,numeric,train,False
family_status,0.021804429671552907,categorical,train,False
pos_month_count,0.021165997065419863,numeric,train,False
previous_annuity_mean,0.020166580110713442,numeric,train,False
previous_approved_count,0.01949598241781833,numeric,train,False
bureau_active_loan_count,0.01856700892847709,numeric,train,False
bureau_credit_sum,0.01798802857063369,numeric,train,False
annuity_amount,0.017460768546860874,numeric,train,False
housing_type,0.016739388236659495,categorical,train,False
bureau_loan_count,0.015149218672083383,numeric,train,False
bureau_max_dpd,0.013803056988200087,numeric,train,False
bureau_overdue_sum,0.013803056988200087,numeric,train,False
contract_type,0.013353853855145837,categorical,train,False
previous_credit_mean,0.011385531751276927,numeric,train,False
previous_credit_sum,0.010458340860398836,numeric,train,False
income_amount,0.008696517179202898,numeric,train,False
settled_installment_count,0.008298064009989746,numeric,train,False
installment_count,0.008236621543918052,numeric,train,False
previous_application_count,0.008174823379276877,numeric,train,False
cc_limit_sum_latest,0.007379629191567426,numeric,train,False
credit_to_income,0.007340770571573123,numeric,train,False
installment_paid_ratio,0.005366826477766292,numeric,train,False
annuity_to_income,0.005240981534004808,numeric,train,False
pos_delinquent_month_rate,0.0027561778671840046,numeric,train,False
pos_max_dpd,0.0027561778671840046,numeric,train,False
pos_max_dpd_def,0.0027561778671840046,numeric,train,False
cc_max_dpd,0.0025437811407599165,numeric,train,False
cc_max_dpd_def,0.0024657486065748258,numeric,train,False
cc_loan_count,0.0024657061206829877,numeric,train,False
cc_month_count,9.16401914631087e-05,numeric,train,False
bureau_months_31plus,3.749748346820797e-09,numeric,train,False
is_employed_missing,3.749748346820797e-09,numeric,train,False
unpaid_installment_count,3.749748346820797e-09,numeric,train,False
missing_payment_installment_count,9.374884317454089e-10,numeric,train,False
