split,risk_band,applicants,bad_count,bad_rate,bad_rate_ci_low,bad_rate_ci_high,mean_predicted_pd,min_pd,max_pd,mean_risk_score,expected_loss,known_ead_count,missing_ead_count,expected_loss_coverage_rate,observed_rate_monotonicity_violation,compared_previous_nonempty_band
train,1,18308,254,0.013873716408127594,0.012278507103585017,0.01567288489441326,0.01237113599317366,0.0024184474853833947,0.017348086651324816,614.7898890637413,76784722.89757827,18308,0,1.0,False,
train,2,18101,393,0.021711507651510965,0.01968766765435731,0.023938312756306958,0.021404055662295373,0.017349581487579823,0.02547007568283982,597.5917180745686,120182789.3167397,18101,0,1.0,False,1.0
train,3,18534,529,0.02854213877198662,0.02624081382412929,0.031038857122427838,0.029733890640379165,0.02547058166896449,0.03418363137043919,587.7902760845163,160764707.39610597,18534,0,1.0,False,2.0
train,4,18462,721,0.039053190336908246,0.03635333941858105,0.04194482327522079,0.03901192781264755,0.03418395593323942,0.044106241036011545,579.6503737454385,204613805.66627824,18462,0,1.0,False,3.0
train,5,18677,888,0.04754510895754136,0.04458515031664093,0.050691149883438695,0.04995913635675789,0.044106488015931415,0.05622753201232924,572.176773605163,251712669.60346842,18677,0,1.0,False,4.0
train,6,18391,1191,0.06475993692567017,0.0612932337340648,0.06840842551435648,0.06353294276414241,0.05622807165753379,0.07154444461730101,564.8253467483614,304030496.919945,18391,0,1.0,False,5.0
train,7,18642,1514,0.08121446196760004,0.07737893624666997,0.08522254599356627,0.0814069013907014,0.0715447421290746,0.09244911815048819,557.1253904320942,383250759.53530455,18642,0,1.0,False,6.0
train,8,18595,1878,0.100994891099758,0.09674603976976372,0.10540856578162401,0.10656346463350119,0.09245096780554707,0.12285874501696953,548.5720875909187,474918514.969514,18595,0,1.0,False,7.0
train,9,18240,2784,0.15263157894736842,0.1474856777884175,0.15792376525005894,0.14689360612146934,0.12286944240011906,0.17718049758682763,538.0374328354064,612593069.3088379,18240,0,1.0,False,8.0
train,10,18556,4743,0.2556046561759,0.24937955340492576,0.2619309273379246,0.25471409042884147,0.17719803109257043,0.6787942755297042,518.9303464318465,994925527.01322,18556,0,1.0,False,9.0
validation,1,6151,88,0.014306616810274751,0.011627571560941276,0.01759193961963634,0.012345757233158122,0.002195751111910179,0.017348157023961076,614.9069885358028,25604809.696638532,6151,0,1.0,False,
validation,2,6150,144,0.023414634146341463,0.019922338993538118,0.027501934246777313,0.021400017359637015,0.017350311429354174,0.02547011468370952,597.5957908435643,40613699.714693844,6150,0,1.0,False,1.0
validation,3,6150,166,0.026991869918699188,0.02322736999215685,0.03134690870319545,0.0297857553948305,0.025470968398634858,0.03418328680280858,587.7374655600985,52808952.60949691,6150,0,1.0,False,2.0
validation,4,6150,228,0.037073170731707315,0.03263266424476818,0.042091629823869846,0.038999427364247705,0.034185247772823536,0.044106241036011545,579.6613489979109,67770981.06891009,6150,0,1.0,False,3.0
validation,5,6150,283,0.04601626016260162,0.04105717655959365,0.05154213114663654,0.049940670634079164,0.044106388503871684,0.0562263338524733,572.1875538367401,83044647.91115515,6150,0,1.0,False,4.0
validation,6,6150,365,0.05934959349593496,0.05371491702805654,0.0655344110105838,0.06360855332210914,0.05622925140291933,0.0715435441554771,564.7876147309885,102431324.74445197,6150,0,1.0,False,5.0
validation,7,6150,482,0.0783739837398374,0.07191714232822644,0.08535721472129179,0.08134758052407903,0.07154528081060468,0.09244778108280081,557.1487690927961,125554746.53303538,6150,0,1.0,False,6.0
validation,8,6150,719,0.11691056910569106,0.10911820596183326,0.1251812098533094,0.10659499835171551,0.09245136660774875,0.12286040118210562,548.5630890103319,155876762.39703637,6150,0,1.0,False,7.0
validation,9,6150,918,0.14926829268292682,0.14058115854471603,0.15839330661371465,0.1468426501568256,0.12286485273619088,0.1771863380291579,538.0488832311489,207777185.6291853,6150,0,1.0,False,8.0
validation,10,6151,1572,0.25556820029263533,0.2448227270076922,0.2666187910040227,0.2543979534902559,0.17718718537096248,0.6788351450113091,518.9862487522291,333167443.34380674,6151,0,1.0,False,9.0
test,1,6158,71,0.011529717440727508,0.009151371630596945,0.014517114453529975,0.012372622410046842,0.002482541229872914,0.01734822433863042,614.7731044060687,25837556.752352476,6158,0,1.0,False,
test,2,5980,124,0.02073578595317726,0.017419867008670264,0.024667053334023324,0.02143537709367991,0.017351371244067795,0.025469746641433883,597.5499719774486,38742473.344213486,5980,0,1.0,False,1.0
test,3,6163,170,0.027583968846341067,0.0237800419957033,0.03197645200802741,0.029709036433944583,0.02547076112635096,0.03418371287569084,587.8157552201116,53717885.913164586,6163,0,1.0,False,2.0
test,4,6241,234,0.03749399134754046,0.033058299191612364,0.042498696439434255,0.03899924984422337,0.03418563087548468,0.044106241036011545,579.6617823368343,67889452.88838346,6241,0,1.0,False,3.0
test,5,6037,293,0.048534040086135495,0.043394533306185916,0.05424773438806408,0.04990558865872707,0.04410848219481866,0.0562272946709985,572.2103703707754,82013957.33757755,6037,0,1.0,False,4.0
test,6,6232,394,0.06322207958921694,0.05744493031881751,0.06953736454062313,0.0635698963702096,0.056227851954055975,0.07154426608807823,564.8083685252243,103683284.54188284,6232,0,1.0,False,5.0
test,7,6123,505,0.08247591050138821,0.0758445789621814,0.08963080760279755,0.08143922096473663,0.07154624153291231,0.09244669254538616,557.1125597218119,124149698.53789604,6123,0,1.0,False,6.0
test,8,6177,662,0.10717176622956127,0.09970037928507436,0.11513144703943493,0.1065029832330444,0.09245306119919243,0.12286188154015015,548.590968231314,159901186.46626234,6177,0,1.0,False,7.0
test,9,6081,894,0.14701529353724715,0.138337697918007,0.15613857906423198,0.1464360170953713,0.12286426448694282,0.17717990796514502,538.1441387513241,206176435.37649196,6081,0,1.0,False,8.0
test,10,6311,1618,0.2563777531294565,0.24575573978225757,0.2672961681631462,0.2558813874018102,0.1771903908866094,0.6450978871744798,518.7727288114057,344030954.7972673,6311,0,1.0,False,9.0
all,1,30617,413,0.013489238005029885,0.012256766838687806,0.01484377708126539,0.012366336326395382,0.002195751111910179,0.01734822433863042,614.8100386189133,128227089.3465693,30617,0,1.0,False,
all,2,30231,661,0.02186497304091826,0.020276182085517555,0.02357526197204319,0.021409429834447487,0.017349581487579823,0.02547011468370952,597.5842888088661,199538962.375647,30231,0,1.0,False,1.0
all,3,30847,865,0.028041624793334847,0.02625724092075861,0.029943542488504414,0.029739265288339076,0.02547058166896449,0.03418371287569084,587.7848377335423,267291545.91876745,30847,0,1.0,False,2.0
all,4,30853,1183,0.038343110880627494,0.03625728717828572,0.040543880627022966,0.039006871547175984,0.03418395593323942,0.044106241036011545,579.654869218216,340274239.62357175,30853,0,1.0,False,3.0
all,5,30864,1464,0.04743390357698289,0.045118253558292874,0.049862196005435865,0.04994498292079735,0.044106388503871684,0.05622753201232924,572.1854932169502,416771274.85220116,30864,0,1.0,False,4.0
all,6,30773,1950,0.0633672375134046,0.060699410253393295,0.06614406275354343,0.06355553723996557,0.056227851954055975,0.07154444461730101,564.814367637016,510145106.2062798,30773,0,1.0,False,5.0
all,7,30915,2501,0.08089923985120491,0.07791144745796977,0.08399117316537189,0.08140150172782222,0.0715447421290746,0.09244911815048819,557.1274999687029,632955204.606236,30915,0,1.0,False,6.0
all,8,30922,3259,0.10539421770907445,0.1020206339995356,0.10886583347152264,0.10655765449044435,0.09245096780554707,0.12286188154015015,548.5740694952299,790696463.8328127,30922,0,1.0,False,7.0
all,9,30471,4596,0.15083193856453678,0.14685761038026882,0.15489429442444122,0.14679200203724954,0.12286426448694282,0.1771863380291579,538.0610388413961,1026546690.3145151,30471,0,1.0,False,8.0
all,10,31018,7933,0.25575472306402736,0.2509299304512721,0.26064000584302516,0.2548889003097869,0.17718718537096248,0.6788351450113091,518.9093628213645,1672123925.154294,31018,0,1.0,False,9.0
