feature,kind,bin,bin_description,applicants,bad_count,good_count,bad_rate,bad_rate_ci_low,bad_rate_ci_high,good_distribution,bad_distribution,woe,iv_component,fit_split
age_years,numeric,bin_1,"[-infinity, 31.98631074606434)",36892,4149,32743,0.1124634067006397,0.10927977700161791,0.11572773415885655,0.19304715412642826,0.27852731910323536,-0.36658166732267516,0.03133546140021529,train
age_years,numeric,bin_2,"[31.98631074606434, 39.44147843942505)",36897,3429,33468,0.09293438490934222,0.0900141003843096,0.09593942228747365,0.19732156543681537,0.23019868438716606,-0.1541080713583426,0.005066629393257363,train
age_years,numeric,bin_3,"[39.44147843942505, 47.11841204654346)",36902,2932,33970,0.0794536881469839,0.07673793255561102,0.08225699146930233,0.2002812267855248,0.1968385018123238,0.017338908021569125,5.9693091653891175e-05,train
age_years,numeric,bin_4,"[47.11841204654346, 56.03832991101985)",36905,2482,34423,0.06725375965316353,0.06474321442902253,0.06985438502051125,0.20295199688704943,0.1666331051147805,0.19717506237674923,0.0071611797506515315,train
age_years,numeric,bin_5,"[56.03832991101985, infinity)",36910,1903,35007,0.05155784340287185,0.04934819864485174,0.05386082291067426,0.20639510889431298,0.12776882803060813,0.4795697360406808,0.03770678475966737,train
age_years,numeric,__MISSING__,__MISSING__,0,0,0,,,,2.947869869232493e-06,3.3561551886159215e-05,0.0,0.0,train
employed_years,numeric,bin_1,"[-infinity, 1.68104038329911)",30235,3442,26793,0.11384157433438069,0.11031038851792045,0.11747087314848854,0.15796750268256157,0.2310712847362062,-0.38033692220092474,0.027804067467530395,train
employed_years,numeric,bin_2,"[1.68104038329911, 3.4168377823408624)",30251,3216,27035,0.10631053518891938,0.10288694364493989,0.10983410027725016,0.15939427169927012,0.21590146328366225,-0.3034412860285617,0.017146614884230266,train
employed_years,numeric,bin_3,"[3.4168377823408624, 5.913757700205339)",30276,2688,27588,0.08878319460959176,0.08563127073603678,0.09203945670608181,0.16265461577464124,0.1804604644918781,-0.10388268940753319,0.0018497194519302405,train
employed_years,numeric,bin_4,"[5.913757700205339, 10.075290896646132)",30260,2199,28061,0.07267019167217449,0.06979923066352352,0.07564963658653058,0.16544330067093518,0.1476372667472144,0.11387017695032851,0.002027576233677639,train
employed_years,numeric,bin_5,"[10.075290896646132, infinity)",30259,1553,28706,0.05132357315178955,0.048893819247495696,0.053867233876095585,0.16924605280224508,0.10427574171029669,0.484314836741235,0.031466085609524234,train
employed_years,numeric,__MISSING__,__MISSING__,33225,1797,31428,0.054085778781038374,0.05170481460194048,0.05656984382331245,0.1852942563703468,0.12065377903074238,0.42902002258742894,0.027732059048299274,train
is_employed_missing,numeric,bin_1,"[-infinity, 0.0)",0,0,0,,,,2.947895939273344e-06,3.356493135971537e-05,0.0,0.0,train
is_employed_missing,numeric,bin_2,"[0.0, infinity)",184506,14895,169611,0.08072908198107379,0.0794947691297433,0.08198085310946472,0.9999941042081214,0.9999328701372806,6.123630677061617e-05,3.749748346820797e-09,train
is_employed_missing,numeric,__MISSING__,__MISSING__,0,0,0,,,,2.947895939273344e-06,3.356493135971537e-05,0.0,0.0,train
income_amount,numeric,bin_1,"[-infinity, 99000.0)",35951,2960,32991,0.08233428833690301,0.07953736042234402,0.08522046407273287,0.19450929758156757,0.1987179487179487,-0.021406511825821345,9.009254032169924e-05,train
income_amount,numeric,bin_2,"[99000.0, 135000.0)",32103,2803,29300,0.08731271220758184,0.08427389475539375,0.09045028252052155,0.1727481222068933,0.18817962142569472,-0.08556234722445419,0.0013203552943529798,train
income_amount,numeric,bin_3,"[135000.0, 162000.0)",41695,3519,38176,0.08439860894591678,0.08176849121105421,0.08710530030123036,0.2250787081255085,0.2362397637266747,-0.048397082369146756,0.0005401625272562675,train
income_amount,numeric,bin_4,"[162000.0, 225000.0)",33975,2823,31152,0.08309050772626932,0.08020243409846818,0.0860728482906561,0.18366703220253044,0.18952208350114108,-0.031381042662568054,0.00018373761459322487,train
income_amount,numeric,bin_5,"[225000.0, infinity)",40782,2790,37992,0.06841253494188612,0.06600280805976366,0.07090356089325653,0.22399389201363096,0.1873070210766546,0.17886968921257265,0.006562169202678727,train
income_amount,numeric,__MISSING__,__MISSING__,0,0,0,,,,2.947869869232493e-06,3.3561551886159215e-05,0.0,0.0,train
credit_amount,numeric,bin_1,"[-infinity, 254700.0)",36260,2629,33631,0.07250413678985107,0.06988003764952141,0.0752188059133086,0.19828257101418514,0.17650020136931133,0.1163711223765376,0.0025348388035945886,train
credit_amount,numeric,bin_2,"[254700.0, 432661.5)",37500,3387,34113,0.09032,0.08746066758677634,0.0932632581546115,0.20112431756812527,0.2273795140287287,-0.12269727720041715,0.0032214411180780697,train
credit_amount,numeric,bin_3,"[432661.5, 604152.0)",36725,3674,33051,0.10004084411164058,0.09701376044724655,0.10315159099906476,0.19486304196587545,0.24664384481138407,-0.23564840930657374,0.012202063823161415,train
credit_amount,numeric,bin_4,"[604152.0, 900000.0)",34832,2839,31993,0.08150551217271475,0.07867808468649395,0.08442523709022204,0.18862534932257952,0.1905960531614982,-0.010393514534999737,2.0482538993981027e-05,train
credit_amount,numeric,bin_5,"[900000.0, infinity)",39189,2366,36823,0.060374084564546175,0.058058760499301545,0.06277558788027612,0.2171017722593654,0.15884682507719156,0.3124258665906539,0.018200352356583432,train
credit_amount,numeric,__MISSING__,__MISSING__,0,0,0,,,,2.947869869232493e-06,3.3561551886159215e-05,0.0,0.0,train
annuity_amount,numeric,bin_1,"[-infinity, 14697.0)",36892,2593,34299,0.07028624091944052,0.06772222762017817,0.07293973463952678,0.20222092515947976,0.17408376963350786,0.14982417063015252,0.004215625990570353,train
annuity_amount,numeric,bin_2,"[14697.0, 21888.0)",36903,3150,33753,0.08535891390943826,0.08255109167391235,0.08825305220966247,0.19900185126227787,0.2114713384346892,-0.060775346121287266,0.0007578373988582506,train
annuity_amount,numeric,bin_3,"[21888.0, 28048.5)",36887,3230,33657,0.08756472469975872,0.08472295901855108,0.0904923844979675,0.19843586024738524,0.2168411867364747,-0.08869930151152963,0.0016325396036738894,train
annuity_amount,numeric,bin_4,"[28048.5, 37516.5)",36905,3408,33497,0.09234521067606015,0.0894337430441873,0.09534153543291177,0.19749254188923085,0.22878909920794738,-0.14709979400677617,0.004603717134704464,train
annuity_amount,numeric,bin_5,"[37516.5, infinity)",36912,2514,34398,0.06810793237971391,0.06558253985384974,0.07072321019748445,0.2028046033935878,0.1687810444354947,0.1836406907808979,0.006248109869888826,train
annuity_amount,numeric,__MISSING__,__MISSING__,7,0,7,0.0,0.0,0.35433043506667483,4.421804803848739e-05,3.3561551886159215e-05,0.2757519097355108,2.9385491650936165e-06,train
goods_amount,numeric,bin_1,"[-infinity, 225000.0)",27616,2065,25551,0.07477549246813442,0.07173207813347406,0.07793719006214435,0.15064499392738806,0.13864277084172372,0.08302540411993317,0.0009964894220248733,train
goods_amount,numeric,bin_2,"[225000.0, 378000.0)",46017,4067,41950,0.08838038116348305,0.08582119550182497,0.09100828437855506,0.24732922989847536,0.2730232245939052,-0.09883649968443774,0.0025395044986067975,train
goods_amount,numeric,bin_3,"[378000.0, 522000.0)",36816,3810,33006,0.10348761408083441,0.10041749666284029,0.10664046873734205,0.19459773367764455,0.2557725869244194,-0.2733541937232683,0.016722402685411402,train
goods_amount,numeric,bin_4,"[522000.0, 823500.0)",37024,2820,34204,0.07616681071737251,0.07350855912212319,0.07891300358488225,0.2016608298843256,0.18932071418982413,0.06314474879558442,0.000779213505637744,train
goods_amount,numeric,bin_5,"[823500.0, infinity)",36872,2118,34754,0.057441961379908875,0.055112713844404033,0.05986341391542841,0.20490348674048134,0.1422002953416566,0.36530247757856726,0.022905631170073788,train
goods_amount,numeric,__MISSING__,__MISSING__,161,15,146,0.09316770186335403,0.05727474059430099,0.14802227062364096,0.0008637258716851203,0.0010404081084709356,-0.18611288683477822,3.288284114063393e-05,train
credit_to_income,numeric,bin_1,"[-infinity, 1.8181818181818183)",36789,2694,34095,0.07322841066623176,0.07061069081784299,0.07593524706127824,0.2010181942528329,0.180863203114512,0.10565446101385169,0.002129464725458251,train
credit_to_income,numeric,bin_2,"[1.8181818181818183, 2.764)",36933,3175,33758,0.08596647984187583,0.083150546518362,0.0888685327498077,0.1990313299609702,0.21314941602899717,-0.06853115416655482,0.0009675287328646464,train
credit_to_income,numeric,bin_3,"[2.764, 3.9032)",36981,3263,33718,0.08823449879667937,0.08538629085381592,0.0911682434164225,0.1987955003714316,0.2190562491609612,-0.09705188230138663,0.0019663438068593885,train
credit_to_income,numeric,bin_4,"[3.9032, 5.767619047619048)",36888,3058,33830,0.08289958794187811,0.08012905073387992,0.08575698847757461,0.19945582322213967,0.20529601288763594,-0.028860128602525497,0.00016854862480936256,train
credit_to_income,numeric,bin_5,"[5.767619047619048, infinity)",36915,2705,34210,0.07327644588920493,0.07066231481852629,0.0759793793651684,0.20169620432275637,0.18160155725600752,0.10494758502482501,0.0021088846815814754,train
credit_to_income,numeric,__MISSING__,__MISSING__,0,0,0,,,,2.947869869232493e-06,3.3561551886159215e-05,0.0,0.0,train
annuity_to_income,numeric,bin_1,"[-infinity, 0.10350352941176465)",36900,2644,34256,0.07165311653116531,0.06906593842781342,0.0743294710914264,0.20196740835072577,0.17750704792589608,0.1290960248333952,0.00315773529683761,train
annuity_to_income,numeric,bin_2,"[0.10350352941176465, 0.1438)",36886,2881,34005,0.07810551428726346,0.07541082583954262,0.08088806921689115,0.20048757767637104,0.19341522351993556,0.035912992978261137,0.0002539894051598433,train
annuity_to_income,numeric,bin_3,"[0.1438, 0.1856666666666666)",36906,3053,33853,0.0827236763669864,0.07995653869718809,0.08557767162005962,0.1995914252361244,0.20496039736877433,-0.026544373693393037,0.00014251600263847353,train
annuity_to_income,numeric,bin_4,"[0.1856666666666666, 0.24634319419237738)",36907,3177,33730,0.08608123120275286,0.08326258132203702,0.08898603744526397,0.1988662492482932,0.21328366223654183,-0.06999054288531116,0.0010090825620492586,train
annuity_to_income,numeric,bin_5,"[0.24634319419237738, infinity)",36900,3140,33760,0.08509485094850948,0.0822909450049762,0.0879851349481784,0.19904312144044714,0.21080010739696603,-0.0573888342343743,0.0006747197181545291,train
annuity_to_income,numeric,__MISSING__,__MISSING__,7,0,7,0.0,0.0,0.35433043506667483,4.421804803848739e-05,3.3561551886159215e-05,0.2757519097355108,2.9385491650936165e-06,train
credit_to_goods,numeric,bin_1,"[-infinity, 1.0)",0,0,0,,,,2.947869869232493e-06,3.3561551886159215e-05,0.0,0.0,train
credit_to_goods,numeric,bin_2,"[1.0, 1.079198675496689)",73730,4828,68902,0.06548216465482165,0.06371911750032333,0.06729048769182688,0.4062312073295836,0.32410390656463955,0.22585831004005932,0.01854913335892194,train
credit_to_goods,numeric,bin_3,"[1.079198675496689, 1.1452)",36039,2436,33603,0.06759344043952385,0.06504736432764086,0.07023168864023882,0.19811749030150813,0.16354544234125387,0.1917693535427315,0.006629859287986269,train
credit_to_goods,numeric,bin_4,"[1.1452, 1.2112)",37012,3236,33776,0.08743110342591592,0.08459606928755613,0.09035176935674226,0.19913745327626256,0.2172439253591086,-0.08702549596302601,0.001575724713150362,train
credit_to_goods,numeric,bin_5,"[1.2112, infinity)",37564,4380,33184,0.1166010009583644,0.11339455829665623,0.1198858517164402,0.1956471753510913,0.2940327560746409,-0.4073782650549668,0.04008014718158503,train
credit_to_goods,numeric,__MISSING__,__MISSING__,161,15,146,0.09316770186335403,0.05727474059430099,0.14802227062364096,0.0008637258716851203,0.0010404081084709356,-0.18611288683477822,3.288284114063393e-05,train
ext_source_1,numeric,bin_1,"[-infinity, 0.29515572981186006)",16093,2303,13790,0.14310569812962157,0.13778054086508507,0.1486011987211372,0.08130519886330138,0.1546180695395355,-0.6427480474545488,0.04712170448043732,train
ext_source_1,numeric,bin_2,"[0.29515572981186006, 0.4366832845854351)",16092,1445,14647,0.0897961720109371,0.08547637255066913,0.09431177125183073,0.08635784781916588,0.09702644650288629,-0.11648390140415626,0.0012427199971950002,train
ext_source_1,numeric,bin_3,"[0.4366832845854351, 0.5717027336457878)",16093,1038,15055,0.06450009320822718,0.060807880288559026,0.06840016739839817,0.08876330963245958,0.0697073432675527,0.24166771723909827,0.004605211891192086,train
ext_source_1,numeric,bin_4,"[0.5717027336457878, 0.7096014123545155)",16092,754,15338,0.04685558041262739,0.04369717778627181,0.050230279357771364,0.09043180397844518,0.050644381796214256,0.5797677169931593,0.023067462923635006,train
ext_source_1,numeric,bin_5,"[0.7096014123545155, infinity)",16093,483,15610,0.03001304915180513,0.02748700463507568,0.032763415380662464,0.09203544518730765,0.032454020673915965,1.0423494374859754,0.062104664326146926,train
ext_source_1,numeric,__MISSING__,__MISSING__,104043,8872,95171,0.08527243543534885,0.0835906704232375,0.08698482432491281,0.5611063945193203,0.5955497382198953,-0.059574369675861785,0.0020519404904908206,train
ext_source_2,numeric,bin_1,"[-infinity, 0.3410069251070991)",36819,5591,31228,0.15185094652217604,0.14822157749064369,0.1555529552631612,0.1841151084226538,0.3753188347429185,-0.7122147394510042,0.13617811212324843,train
ext_source_2,numeric,bin_2,"[0.3410069251070991, 0.5124037242404538)",36817,3359,33458,0.0912350272971725,0.08833627720559532,0.09421906896535505,0.19726260803943071,0.22550006712310378,-0.13378457983830772,0.003777736599210606,train
ext_source_2,numeric,bin_3,"[0.5124037242404538, 0.6087249474208374)",36820,2583,34237,0.07015209125475286,0.06758793358827268,0.07280593228805139,0.20185538929569494,0.17341253859578468,0.15187817447739502,0.004319848241235468,train
ext_source_2,numeric,bin_4,"[0.6087249474208374, 0.6822394815909179)",36815,2015,34800,0.05473312508488388,0.05245576323534523,0.05710339992659902,0.2051746907684507,0.1352866156531078,0.41646615955152183,0.02910601824173515,train
ext_source_2,numeric,bin_5,"[0.6822394815909179, infinity)",36822,1313,35509,0.035658030525229485,0.03381190981205767,0.037601026176422844,0.2093547702430224,0.08816619680494026,0.8648066448050153,0.10480468358369402,train
ext_source_2,numeric,__MISSING__,__MISSING__,413,34,379,0.08232445520581114,0.059508439929128444,0.11283876138799587,0.002237433230747462,0.002315747080144986,-0.03440301856832883,2.694232814980329e-06,train
ext_source_3,numeric,bin_1,"[-infinity, 0.3296550543128238)",29275,4762,24513,0.16266438941076003,0.1584810770930813,0.1669362203167617,0.1445252160788614,0.3196737817156665,-0.7938470456166746,0.13904117137477595,train
ext_source_3,numeric,bin_2,"[0.3296550543128238, 0.4740512892789932)",29441,2613,26828,0.08875377874392854,0.08555869818277383,0.09205616403799073,0.15817385357340785,0.17542623170895422,-0.10352385522904949,0.0017860326964611204,train
ext_source_3,numeric,bin_3,"[0.4740512892789932, 0.5902333386185574)",29678,1736,27942,0.05849450771615338,0.05588128001644761,0.061222015735701935,0.16474170764205784,0.11655926970063096,0.34597894270893853,0.016670108936113915,train
ext_source_3,numeric,bin_4,"[0.5902333386185574, 0.6940926425266661)",29938,1360,28578,0.04542721624691028,0.043126122799057844,0.04784495065902653,0.16849139811572159,0.09132098268223923,0.6125041162617879,0.047267197106640145,train
ext_source_3,numeric,bin_5,"[0.6940926425266661, infinity)",29614,1006,28608,0.033970419396231515,0.031966893871470295,0.03609483377412566,0.16866827030787554,0.0675594039468385,0.9149266190025986,0.0925071932508892,train
ext_source_3,numeric,__MISSING__,__MISSING__,36560,3418,33142,0.09349015317286652,0.09054860726245897,0.09651711630282697,0.19539955428207578,0.22946033024567056,-0.16068370304754317,0.005473011610503159,train
region_rating,numeric,bin_1,"[-infinity, 2.0)",19308,907,18401,0.04697534700642221,0.04407993282452236,0.05005099004458571,0.10849141425307687,0.06092035041788339,0.5771037584318,0.027453439731889233,train
region_rating,numeric,bin_2,"[2.0, infinity)",165198,13988,151210,0.08467414859744064,0.08334130351381346,0.08602630892769271,0.8915056378509839,0.9390460846507569,-0.05195279515047759,0.002469859093950784,train
region_rating,numeric,__MISSING__,__MISSING__,0,0,0,,,,2.947895939273344e-06,3.356493135971537e-05,0.0,0.0,train
region_rating_city,numeric,bin_1,"[-infinity, 2.0)",20527,970,19557,0.047254835095240415,0.044435917790167534,0.05024317574428469,0.11530694966467683,0.06514953176920753,0.5709125835074854,0.028635501032766963,train
region_rating_city,numeric,bin_2,"[2.0, infinity)",163979,13925,150054,0.0849194104123089,0.08357988129992554,0.08627838686415758,0.8846901024393838,0.9348169032994328,-0.05511326781411685,0.0027626518004647805,train
region_rating_city,numeric,__MISSING__,__MISSING__,0,0,0,,,,2.947895939273344e-06,3.356493135971537e-05,0.0,0.0,train
prev_loans_with_installments,numeric,bin_1,"[-infinity, 1.0)",9424,554,8870,0.058786078098471986,0.054214314088072584,0.0637173952726586,0.05229815935005365,0.03721976104175057,0.3401213453435822,0.005128485118246436,train
prev_loans_with_installments,numeric,bin_2,"[1.0, 2.0)",48994,4655,44339,0.09501163407764215,0.09244680376558075,0.09763996702917631,0.2614141521336682,0.3124916096120285,-0.1784716800883362,0.009115879650803512,train
prev_loans_with_installments,numeric,bin_3,"[2.0, 3.0)",42821,3628,39193,0.08472478456831928,0.08212434023218984,0.08739973064619452,0.2310746754395274,0.24355618203785742,-0.052606714381914554,0.0006566110526743297,train
prev_loans_with_installments,numeric,bin_4,"[3.0, 4.0)",31269,2457,28812,0.07857622565480188,0.0756453225836415,0.08161066150390574,0.1698710012145224,0.16495502752047256,0.02936645635098331,0.00014436472690889667,train
prev_loans_with_installments,numeric,bin_5,"[4.0, infinity)",51998,3601,48397,0.06925266356398323,0.06710216049566105,0.07146680661537612,0.28533906399235914,0.24174385823600483,0.16579944278198763,0.007228060822369644,train
prev_loans_with_installments,numeric,__MISSING__,__MISSING__,0,0,0,,,,2.947869869232493e-06,3.3561551886159215e-05,0.0,0.0,train
installment_count,numeric,bin_1,"[-infinity, 9.0)",33693,2734,30959,0.08114445136972072,0.07827635388514712,0.0841080483891008,0.1825291544330067,0.18354812726540476,-0.005566996451074922,5.672618141701685e-06,train
installment_count,numeric,bin_2,"[9.0, 17.0)",39735,3653,36082,0.09193406316849126,0.08913245731737336,0.09481456253713107,0.21273302911316283,0.24523425963216539,-0.1421759203562533,0.004620892361749936,train
installment_count,numeric,bin_3,"[17.0, 29.0)",36097,2945,33152,0.0815857273457628,0.07880621712176744,0.08445428376000971,0.19545851167946043,0.19771110216136395,-0.011458744776687313,2.581185941852747e-05,train
installment_count,numeric,bin_4,"[29.0, 55.0)",37995,2891,35104,0.0760889590735623,0.07346560049482886,0.07879802746579737,0.20696699564894408,0.19408645455765874,0.06425563739961508,0.0008276473778724728,train
installment_count,numeric,bin_5,"[55.0, infinity)",36986,2672,34314,0.07224355161412427,0.06964930566627116,0.07492664405155154,0.20230936125555674,0.179386494831521,0.12025535008331198,0.002756597326735415,train
installment_count,numeric,__MISSING__,__MISSING__,0,0,0,,,,2.947869869232493e-06,3.3561551886159215e-05,0.0,0.0,train
settled_installment_count,numeric,bin_1,"[-infinity, 9.0)",33716,2739,30977,0.08123739470874362,0.07836872816135917,0.08420147447483123,0.18263527774829907,0.18388374278426634,-0.006812578854521696,8.505266504640233e-06,train
settled_installment_count,numeric,bin_2,"[9.0, 17.0)",39743,3653,36090,0.09191555745665904,0.08911448834916985,0.0947955077795535,0.21278019503107054,0.24523425963216539,-0.14195423080385108,0.004606991776906911,train
settled_installment_count,numeric,bin_3,"[17.0, 29.0)",36088,2945,33143,0.08160607404123255,0.07882589982120305,0.08447531232518535,0.19540545002181423,0.19771110216136395,-0.01173025437169426,2.7045886089559375e-05,train
settled_installment_count,numeric,bin_4,"[29.0, 55.0)",38005,2893,35112,0.07612156295224312,0.07349801679384022,0.07883078978379482,0.2070141615668518,0.1942207007652034,0.06379205903190618,0.0008161212066811321,train
settled_installment_count,numeric,bin_5,"[55.0, infinity)",36954,2665,34289,0.07211668560913569,0.06952348662112455,0.07479883438790376,0.2021619677620951,0.17891663310511477,0.12214923621049532,0.0028393998738075045,train
settled_installment_count,numeric,__MISSING__,__MISSING__,0,0,0,,,,2.947869869232493e-06,3.3561551886159215e-05,0.0,0.0,train
unpaid_installment_count,numeric,bin_1,"[-infinity, 0.0)",0,0,0,,,,2.947895939273344e-06,3.356493135971537e-05,0.0,0.0,train
unpaid_installment_count,numeric,bin_2,"[0.0, infinity)",184506,14895,169611,0.08072908198107379,0.0794947691297433,0.08198085310946472,0.9999941042081214,0.9999328701372806,6.123630677061617e-05,3.749748346820797e-09,train
unpaid_installment_count,numeric,__MISSING__,__MISSING__,0,0,0,,,,2.947895939273344e-06,3.356493135971537e-05,0.0,0.0,train
late_installment_count,numeric,bin_1,"[-infinity, 0.0)",0,0,0,,,,2.9478785591948756e-06,3.356267830172848e-05,0.0,0.0,train
late_installment_count,numeric,bin_2,"[0.0, 1.0)",91203,6074,85129,0.06659868644671776,0.06499875220249822,0.06823512877020464,0.5019028556099603,0.4077529786876993,0.20774503958834512,0.019559169908452932,train
late_installment_count,numeric,bin_3,"[1.0, 5.0)",53018,4855,48163,0.09157267343166471,0.08914710151005815,0.09405742687971737,0.28396029797156475,0.32592716898808527,-0.13783951588133192,0.005784693183971489,train
late_installment_count,numeric,bin_4,"[5.0, infinity)",40285,3966,36319,0.09844855405237682,0.09557750945558169,0.10139617287112243,0.21413095066135657,0.26625272696761204,-0.21785821224898408,0.011355157005322275,train
late_installment_count,numeric,__MISSING__,__MISSING__,0,0,0,,,,2.9478785591948756e-06,3.356267830172848e-05,0.0,0.0,train
max_days_late,numeric,bin_1,"[-infinity, 0.0)",0,0,0,,,,2.9478785591948756e-06,3.356267830172848e-05,0.0,0.0,train
max_days_late,numeric,bin_2,"[0.0, 3.0)",98793,6926,91867,0.07010618161205753,0.06853070530434005,0.071715088531042,0.5416284670736704,0.4649437825138446,0.15266378082444376,0.011706973876232853,train
max_days_late,numeric,bin_3,"[3.0, 13.0)",40786,3862,36924,0.09468935419016329,0.09188594001639137,0.09756911012451984,0.21769788371798235,0.2592716898808525,-0.17476826046708094,0.007265781784080421,train
max_days_late,numeric,bin_4,"[13.0, infinity)",35503,3553,31950,0.1000760499112751,0.09699754115044629,0.10324109362269684,0.18837238781111174,0.2385299546903843,-0.23607410873902393,0.011840902897542254,train
max_days_late,numeric,__MISSING__,__MISSING__,9424,554,8870,0.058786078098471986,0.054214314088072584,0.0637173952726586,0.05229831351867628,0.037221010236616885,0.34009073110270877,0.005127651096252851,train
mean_days_late,numeric,bin_1,"[-infinity, 0.0)",0,0,0,,,,2.9478785591948756e-06,3.356267830172848e-05,0.0,0.0,train
mean_days_late,numeric,bin_2,"[0.0, 0.1632653061224489)",105037,7285,97752,0.06935651246703542,0.06783578088581542,0.07090874225791906,0.5763249977153941,0.48904178553448563,0.16422379690665445,0.014333980510557946,train
mean_days_late,numeric,bin_3,"[0.1632653061224489, 0.8409090909090909)",35020,3183,31837,0.09089091947458595,0.08792498567922606,0.09394659646318514,0.1877061672567337,0.2136935727471052,-0.12966528577694028,0.003369664359510249,train
mean_days_late,numeric,bin_4,"[0.8409090909090909, infinity)",35025,3873,31152,0.1105781584582441,0.10733643099849936,0.11390529827568384,0.1836675736306367,0.26001006880349053,-0.34759289786250747,0.02653610912718675,train
mean_days_late,numeric,__MISSING__,__MISSING__,9424,554,8870,0.058786078098471986,0.054214314088072584,0.0637173952726586,0.05229831351867628,0.037221010236616885,0.34009073110270877,0.005127651096252851,train
scheduled_installment_amount,numeric,bin_1,"[-infinity, 106919.35200000003)",35017,3746,31271,0.10697661136019647,0.10378230158950476,0.11025714311186509,0.1843686252314078,0.251476708282991,-0.3104132225700196,0.02083123632053846,train
scheduled_installment_amount,numeric,bin_2,"[106919.35200000003, 221488.983)",35016,2882,32134,0.08230523189399132,0.07947226782883456,0.08522983299600818,0.18945664862570308,0.1934823466237079,-0.021026045184529368,8.46445080053186e-05,train
scheduled_installment_amount,numeric,bin_3,"[221488.983, 449130.249)",35016,2601,32415,0.07428032899246059,0.07158020633798791,0.07707384924767673,0.19111335149221173,0.1746207544636864,0.09025021035065647,0.001488460351053022,train
scheduled_installment_amount,numeric,bin_4,"[449130.249, 1006626.0690000006)",35016,2536,32480,0.07242403472698195,0.06975592412229253,0.07518595018028817,0.19149657457521196,0.1702577527184857,0.11755643987235255,0.002496760284559848,train
scheduled_installment_amount,numeric,bin_5,"[1006626.0690000006, infinity)",35017,2576,32441,0.07356426878373362,0.07087647219631286,0.07634561739520072,0.19126664072541183,0.17294267686937845,0.10070828723622238,0.0018453750153195668,train
scheduled_installment_amount,numeric,__MISSING__,__MISSING__,9424,554,8870,0.058786078098471986,0.054214314088072584,0.0637173952726586,0.05229815935005365,0.03721976104175057,0.3401213453435822,0.005128485118246436,train
installment_paid_amount,numeric,bin_1,"[-infinity, 107741.07900000001)",35017,3749,31268,0.10706228403346946,0.10386682445872034,0.11034394679421328,0.18435093801219238,0.25167807759430794,-0.31130958810646825,0.02095958409169509,train
installment_paid_amount,numeric,bin_2,"[107741.07900000001, 224677.314)",35016,2877,32139,0.08216244002741604,0.0793317653288276,0.08508478308962408,0.1894861273243954,0.1931467311048463,-0.019134349730638378,7.004327296044418e-05,train
installment_paid_amount,numeric,bin_3,"[224677.314, 459782.39700000035)",35016,2607,32409,0.07445167923235092,0.07174862709876255,0.07724809137457135,0.19107797705378093,0.17502349308632031,0.08776139043772195,0.0014089638357444587,train
installment_paid_amount,numeric,bin_4,"[459782.39700000035, 1049822.5770000003)",35016,2557,32459,0.07302376056659812,0.07034525184699865,0.07579594256242454,0.1913727640407042,0.1716673378977044,0.10866464818383606,0.0021412831991416393,train
installment_paid_amount,numeric,bin_5,"[1049822.5770000003, infinity)",35017,2551,32466,0.0728503298397921,0.07017486010371751,0.07561950822476496,0.19141403421887343,0.17126459927507048,0.11122907560838907,0.002241203022830575,train
installment_paid_amount,numeric,__MISSING__,__MISSING__,9424,554,8870,0.058786078098471986,0.054214314088072584,0.0637173952726586,0.05229815935005365,0.03721976104175057,0.3401213453435822,0.005128485118246436,train
installment_paid_ratio,numeric,bin_1,"[-infinity, 1.0)",0,0,0,,,,2.947895939273344e-06,3.356493135971537e-05,0.0,0.0,train
installment_paid_ratio,numeric,bin_2,"[1.0, infinity)",175081,14341,160740,0.08191065849521079,0.08063529178469678,0.0832043714311933,0.9476925344535337,0.9627429261907159,-0.01575630626101143,0.00023713858155923772,train
installment_paid_ratio,numeric,__MISSING__,__MISSING__,9425,554,8871,0.058779840848806365,0.054208548536584085,0.06371065327378943,0.05230451765052694,0.03722350887792435,0.3401422261305271,0.005129687896207054,train
missing_payment_installment_count,numeric,bin_1,"[-infinity, infinity)",184506,14895,169611,0.08072908198107379,0.0794947691297433,0.08198085310946472,0.9999970520953706,0.9999664339419978,3.0618712380555855e-05,9.374884317454089e-10,train
missing_payment_installment_count,numeric,__MISSING__,__MISSING__,0,0,0,,,,2.94790462938943e-06,3.356605800214823e-05,0.0,0.0,train
installment_late_rate,numeric,bin_1,"[-infinity, 0.0)",0,0,0,,,,2.9478785591948756e-06,3.356267830172848e-05,0.0,0.0,train
installment_late_rate,numeric,bin_2,"[0.0, 0.05)",104894,7153,97741,0.06819265162926383,0.06668293745809449,0.06973399219281971,0.5762601443870918,0.48018123846282934,0.1823955855309741,0.017524368303231234,train
installment_late_rate,numeric,bin_3,"[0.05, 0.1538461538461538)",34868,3112,31756,0.08925088906733968,0.08630341786752833,0.09228885596392387,0.18722861093014412,0.20892767242825977,-0.10965773860343148,0.0023794700137001502,train
installment_late_rate,numeric,bin_4,"[0.1538461538461538, infinity)",35320,4076,31244,0.11540203850509627,0.11211168654011999,0.1187760403320689,0.18420998328552857,0.27363651619399226,-0.39572432203580804,0.035388254107214676,train
installment_late_rate,numeric,__MISSING__,__MISSING__,9424,554,8870,0.058786078098471986,0.054214314088072584,0.0637173952726586,0.05229831351867628,0.037221010236616885,0.34009073110270877,0.005127651096252851,train
bureau_loan_count,numeric,bin_1,"[-infinity, 1.0)",26378,2719,23659,0.1030783228447949,0.09946658942678398,0.10680564776010236,0.13949025434221232,0.18254128070881998,-0.2689816056340762,0.011579934196285075,train
bureau_loan_count,numeric,bin_2,"[1.0, 3.0)",43104,3444,39660,0.07989977728285078,0.07737740933776636,0.082497017810348,0.23382798589739054,0.23120553094375085,0.011278682755234741,2.9577837461995908e-05,train
bureau_loan_count,numeric,bin_3,"[3.0, 5.0)",37264,2790,34474,0.07487118935165307,0.0722426326884107,0.07758738805455588,0.20325267961371113,0.1873070210766546,0.08170083769790727,0.001302773660122306,train
bureau_loan_count,numeric,bin_4,"[5.0, 8.0)",37899,2777,35122,0.07327370115306472,0.07069320855409972,0.07594069130427836,0.20707311896423644,0.18643442072761446,0.10499241684532197,0.002166906808404227,train
bureau_loan_count,numeric,bin_5,"[8.0, infinity)",39861,3165,36696,0.07940091819071272,0.07678713742173444,0.08209575855976296,0.21635301331258033,0.212478184991274,0.01807207029656749,7.002616980977876e-05,train
bureau_loan_count,numeric,__MISSING__,__MISSING__,0,0,0,,,,2.947869869232493e-06,3.3561551886159215e-05,0.0,0.0,train
bureau_active_loan_count,numeric,bin_1,"[-infinity, 0.0)",0,0,0,,,,2.947869869232493e-06,3.3561551886159215e-05,0.0,0.0,train
bureau_active_loan_count,numeric,bin_2,"[0.0, 1.0)",54020,4253,49767,0.07873009996297667,0.07648884672552494,0.08103126345226133,0.29341622743405615,0.28550812189555647,0.027321695745450042,0.00021606285344579683,train
bureau_active_loan_count,numeric,bin_3,"[1.0, 2.0)",44502,3125,41377,0.07022156307581681,0.06788445725929905,0.07263286032938422,0.24395097102833493,0.20979326084038125,0.15084469307612935,0.005152509309485251,train
bureau_active_loan_count,numeric,bin_4,"[2.0, 3.0)",35160,2606,32554,0.07411831626848692,0.07142640208610637,0.07690328097564916,0.19193285931585835,0.174956369982548,0.09260899135429028,0.0015721755538947405,train
bureau_active_loan_count,numeric,bin_5,"[3.0, infinity)",50824,4911,45913,0.09662757752243034,0.09408937288075171,0.09922675420249884,0.2706940464820121,0.329675124177742,-0.19711849403004425,0.011626261211651301,train
bureau_active_loan_count,numeric,__MISSING__,__MISSING__,0,0,0,,,,2.947869869232493e-06,3.3561551886159215e-05,0.0,0.0,train
bureau_closed_loan_count,numeric,bin_1,"[-infinity, 0.0)",0,0,0,,,,2.947869869232493e-06,3.3561551886159215e-05,0.0,0.0,train
bureau_closed_loan_count,numeric,bin_2,"[0.0, 1.0)",46295,4898,41397,0.10579976239334701,0.10303057132941011,0.10863436779302794,0.24406888582310424,0.32880252382870184,-0.2980068346347569,0.02525120324913548,train
bureau_closed_loan_count,numeric,bin_3,"[1.0, 3.0)",58281,4586,53695,0.07868773699833564,0.07652944401353777,0.080901565991072,0.31657469312674663,0.30786011545173847,0.027913701786542396,0.0002432561224158378,train
bureau_closed_loan_count,numeric,bin_4,"[3.0, 5.0)",35685,2392,33293,0.06703096539162114,0.06448265331404925,0.06967248490597704,0.196289810982584,0.16059202577527185,0.20072504702646987,0.007165439614478551,train
bureau_closed_loan_count,numeric,bin_5,"[5.0, infinity)",44245,3019,41226,0.06823369872301956,0.06592152062607676,0.07062084431795043,0.24306071432782672,0.20267821184051552,0.18169170733949722,0.007337165823561066,train
bureau_closed_loan_count,numeric,__MISSING__,__MISSING__,0,0,0,,,,2.947869869232493e-06,3.3561551886159215e-05,0.0,0.0,train
bureau_credit_sum,numeric,bin_1,"[-infinity, 261652.50000000003)",31626,2715,28911,0.0858470878391197,0.0828097272403678,0.08898504656193161,0.1704546794486304,0.1822727882937307,-0.06703495001635193,0.0007922263357191045,train
bureau_credit_sum,numeric,bin_2,"[261652.50000000003, 670852.8)",31625,2404,29221,0.07601581027667985,0.07314612596509625,0.07898848399478774,0.17228235876755457,0.16139750302053968,0.0652644666049517,0.0007103943044007701,train
bureau_credit_sum,numeric,bin_3,"[670852.8, 1354071.600000001)",31626,2301,29325,0.0727565926769114,0.06994559606440165,0.07567136710682063,0.1728955157003549,0.15448382333199087,0.1125980690507063,0.0020731210086334163,train
bureau_credit_sum,numeric,bin_4,"[1354071.600000001, 2812311.18)",31625,2490,29135,0.07873517786561265,0.07581777010204233,0.08175491447792965,0.17177532515004656,0.16717008994495905,0.02717557703949771,0.00012514992410086282,train
bureau_credit_sum,numeric,bin_5,"[2812311.18, infinity)",31626,2266,29360,0.07164990830329476,0.06885919887796475,0.07454466436067857,0.1731018665912012,0.15213451469995973,0.1291151508085922,0.0027072028014944625,train
bureau_credit_sum,numeric,__MISSING__,__MISSING__,26378,2719,23659,0.1030783228447949,0.09946658942678398,0.10680564776010236,0.13949025434221232,0.18254128070881998,-0.2689816056340762,0.011579934196285075,train
bureau_debt_sum,numeric,bin_1,"[-infinity, 0.0)",0,0,0,,,,2.947869869232493e-06,3.3561551886159215e-05,0.0,0.0,train
bureau_debt_sum,numeric,bin_2,"[0.0, 89353.65600000002)",61453,3825,57628,0.06224268953509186,0.06035977267226651,0.06418033184887406,0.3397626375181294,0.2567794334810042,0.2800297679430098,0.023237767369683613,train
bureau_debt_sum,numeric,bin_3,"[89353.65600000002, 326018.7000000002)",30727,2523,28204,0.08211019624434536,0.07909258096154606,0.08523228679671163,0.1662863914535357,0.16938515236944557,-0.018463578483377385,5.721421537212449e-05,train
bureau_debt_sum,numeric,bin_4,"[326018.7000000002, 887630.4000000004)",30726,2724,28002,0.08865455965631712,0.08552752036248983,0.09188444143127326,0.16509545202636575,0.18287689622768158,-0.10228942450395787,0.0018188536942018352,train
bureau_debt_sum,numeric,bin_5,"[887630.4000000004, infinity)",30727,2805,27922,0.09128779249519967,0.08811829577622242,0.09455947002277913,0.16462379284728854,0.18831386763323937,-0.13444725214274444,0.003185065458027205,train
bureau_debt_sum,numeric,__MISSING__,__MISSING__,30873,3018,27855,0.0977553201826839,0.09449242431180803,0.10111830442402485,0.1642287782848114,0.2026110887367432,-0.21002787721063984,0.00806135518665899,train
bureau_overdue_sum,numeric,bin_1,"[-infinity, 0.0)",0,0,0,,,,2.947895939273344e-06,3.356493135971537e-05,0.0,0.0,train
bureau_overdue_sum,numeric,bin_2,"[0.0, infinity)",158128,12176,145952,0.07700091065465951,0.0756971716182395,0.07832520132151552,0.8605055641535854,0.8174067734031484,0.05138322419938295,0.002214554827851996,train
bureau_overdue_sum,numeric,__MISSING__,__MISSING__,26378,2719,23659,0.1030783228447949,0.09946658942678398,0.10680564776010236,0.13949148795047533,0.1825596616654919,-0.2690734517100625,0.011588502160348091,train
bureau_max_dpd,numeric,bin_1,"[-infinity, 0.0)",0,0,0,,,,2.947895939273344e-06,3.356493135971537e-05,0.0,0.0,train
bureau_max_dpd,numeric,bin_2,"[0.0, infinity)",158128,12176,145952,0.07700091065465951,0.0756971716182395,0.07832520132151552,0.8605055641535854,0.8174067734031484,0.05138322419938295,0.002214554827851996,train
bureau_max_dpd,numeric,__MISSING__,__MISSING__,26378,2719,23659,0.1030783228447949,0.09946658942678398,0.10680564776010236,0.13949148795047533,0.1825596616654919,-0.2690734517100625,0.011588502160348091,train
bureau_months_31plus,numeric,bin_1,"[-infinity, 0.0)",0,0,0,,,,2.947895939273344e-06,3.356493135971537e-05,0.0,0.0,train
bureau_months_31plus,numeric,bin_2,"[0.0, infinity)",184506,14895,169611,0.08072908198107379,0.0794947691297433,0.08198085310946472,0.9999941042081214,0.9999328701372806,6.123630677061617e-05,3.749748346820797e-09,train
bureau_months_31plus,numeric,__MISSING__,__MISSING__,0,0,0,,,,2.947895939273344e-06,3.356493135971537e-05,0.0,0.0,train
bureau_credit_to_debt_ratio,numeric,bin_1,"[-infinity, 1.548078518278181)",22285,2846,19439,0.12770922144940544,0.12339118057142875,0.1321555901902519,0.11461023264589008,0.19106591488790442,-0.5110813822387841,0.03907507576025795,train
bureau_credit_to_debt_ratio,numeric,bin_2,"[1.548078518278181, 2.2525995282337647)",22285,2120,20165,0.0951312542068656,0.091348645079926,0.09905342075473479,0.11889053969601567,0.14233454154920125,-0.17997697784363856,0.004219380602097003,train
bureau_credit_to_debt_ratio,numeric,bin_3,"[2.2525995282337647, 3.460556760665221)",22286,1750,20536,0.07852463429956026,0.07506518577346526,0.08212935799634379,0.12107785913898617,0.11749899315344342,0.030004037980500685,0.00010738043095734654,train
bureau_credit_to_debt_ratio,numeric,bin_4,"[3.460556760665221, 7.030314169694379)",22284,1517,20767,0.0680757494166218,0.06484261230889285,0.07145777660196015,0.12243977501857158,0.10185930997449322,0.18402672941287396,0.0037873556718577193,train
bureau_credit_to_debt_ratio,numeric,bin_5,"[7.030314169694379, infinity)",22286,1334,20952,0.05985820694606479,0.05681889029998814,0.06304923275314259,0.1235304868701876,0.08957578198415894,0.32140298976178305,0.010913143666848634,train
bureau_credit_to_debt_ratio,numeric,__MISSING__,__MISSING__,73080,5328,67752,0.0729064039408867,0.07104384655056126,0.07481385942165442,0.3994511066303489,0.3576654584507988,0.11049329540243878,0.0046170339678854085,train
previous_application_count,numeric,bin_1,"[-infinity, 1.0)",9783,586,9197,0.05989982622917306,0.055368004416694816,0.06477713778962246,0.054226066244531704,0.03936770036246476,0.3202160275187001,0.004757886898174864,train
previous_application_count,numeric,bin_2,"[1.0, 3.0)",58895,4777,54118,0.08111045080227523,0.07893282450473753,0.08334271813905263,0.3190685910361173,0.3206806282722513,-0.005039601766756418,8.124025703298099e-06,train
previous_application_count,numeric,bin_3,"[3.0, 4.0)",24131,1926,22205,0.07981434669097841,0.0764615329611731,0.08330091940047184,0.13091784876248422,0.12931265941737147,0.012336829490801384,1.9802947251107144e-05,train
previous_application_count,numeric,bin_4,"[4.0, 7.0)",48248,3735,44513,0.07741253523462112,0.07506142345280781,0.07983093366477603,0.2624400108481611,0.2507383541414955,0.045612544150680855,0.0005337423331688963,train
previous_application_count,numeric,bin_5,"[7.0, infinity)",43449,3871,39578,0.08909295956178508,0.08645050212904423,0.0918080696645002,0.23334453523883641,0.2598670962545308,-0.10765427868331208,0.0028552671749787124,train
previous_application_count,numeric,__MISSING__,__MISSING__,0,0,0,,,,2.947869869232493e-06,3.3561551886159215e-05,0.0,0.0,train
previous_approved_count,numeric,bin_1,"[-infinity, 1.0)",10374,629,9745,0.060632350106034315,0.05620050130791787,0.06538947131092436,0.057456931621210516,0.04225399382467445,0.3073367741375942,0.0046724218598018985,train
previous_approved_count,numeric,bin_2,"[1.0, 2.0)",45896,4286,41610,0.09338504444831794,0.09075695212033585,0.09608119777860358,0.24532467838739727,0.28772318432004296,-0.15941630123849312,0.006759012993820683,train
previous_approved_count,numeric,bin_3,"[2.0, 3.0)",40474,3528,36946,0.08716707021791767,0.084458004316301,0.08995449408737204,0.2178269482471966,0.2368438716606256,-0.08370022251581054,0.001591720721270135,train
previous_approved_count,numeric,bin_4,"[3.0, 4.0)",31497,2496,29001,0.07924564244213735,0.07631355695222082,0.08228034808207742,0.17098529602509227,0.16757282856759295,0.02015951046153189,6.879367340909464e-05,train
previous_approved_count,numeric,bin_5,"[4.0, infinity)",56265,3956,52309,0.07031013951835066,0.06822679297058322,0.07245215569079548,0.30840319784923415,0.2655725600751779,0.1495199115011923,0.006404033169516517,train
previous_approved_count,numeric,__MISSING__,__MISSING__,0,0,0,,,,2.947869869232493e-06,3.3561551886159215e-05,0.0,0.0,train
previous_refused_count,numeric,bin_1,"[-infinity, 0.0)",0,0,0,,,,2.947887249208492e-06,3.3563804792911326e-05,0.0,0.0,train
previous_refused_count,numeric,bin_2,"[0.0, 1.0)",124186,8685,115501,0.06993541945146796,0.06853022241093994,0.07136722213633868,0.6809707982289094,0.5830368530576626,0.15526902736445425,0.015206108412703275,train
previous_refused_count,numeric,bin_3,"[1.0, infinity)",60320,6210,54110,0.10295092838196286,0.10055099665638347,0.10540142875905818,0.31902330599659223,0.41689601933275156,-0.2675726769202211,0.02618806390480157,train
previous_refused_count,numeric,__MISSING__,__MISSING__,0,0,0,,,,2.947887249208492e-06,3.3563804792911326e-05,0.0,0.0,train
previous_refusal_rate,numeric,bin_1,"[-infinity, 0.0)",0,0,0,,,,2.947887249208492e-06,3.3563804792911326e-05,0.0,0.0,train
previous_refusal_rate,numeric,bin_2,"[0.0, 0.25)",136550,9852,126698,0.07214939582570487,0.07078907138536583,0.0735337923896808,0.7469857852876843,0.6613747734443176,0.1217254972140413,0.010421042983630993,train
previous_refusal_rate,numeric,bin_3,"[0.25, infinity)",38173,4457,33716,0.11675791790008645,0.11357495019221009,0.12001801135333554,0.19878488087587626,0.29922131972880445,-0.40896025994167273,0.04107451214090943,train
previous_refusal_rate,numeric,__MISSING__,__MISSING__,9783,586,9197,0.05989982622917306,0.055368004416694816,0.06477713778962246,0.054226385949190214,0.03937034302208498,0.32015479791918977,0.004756233421206184,train
previous_credit_mean,numeric,bin_1,"[-infinity, 58257.0)",34943,3277,31666,0.09378130097587499,0.09076916724337933,0.09688274019861565,0.18669744242810146,0.21999597261377365,-0.1641198882617312,0.005464951053352404,train
previous_credit_mean,numeric,bin_2,"[58257.0, 94666.20000000001)",34946,2838,32108,0.08121101127453786,0.07839288411316207,0.08412119954907464,0.18930335939250298,0.19052893005772586,-0.006453242404257124,7.90890458622994e-06,train
previous_credit_mean,numeric,bin_3,"[94666.20000000001, 146709.90000000005)",34945,2753,32192,0.07878094147946774,0.07600247702274568,0.081652003893676,0.18979860153053404,0.1848234662370788,0.02656238507870347,0.00013215145948340678,train
previous_credit_mean,numeric,bin_4,"[146709.90000000005, 252361.87714285715)",34944,2807,32137,0.08032852564102565,0.07752464792265182,0.08322466374628884,0.18947433584491846,0.188448113840784,0.005430873594847372,5.57328198470521e-06,train
previous_credit_mean,numeric,bin_5,"[252361.87714285715, infinity)",34945,2634,32311,0.07537559021319216,0.0726541016416731,0.07819042535165704,0.19050019455941136,0.1768358168881729,0.07443150198022422,0.0010170601536953169,train
previous_credit_mean,numeric,__MISSING__,__MISSING__,9783,586,9197,0.05989982622917306,0.055368004416694816,0.06477713778962246,0.054226066244531704,0.03936770036246476,0.3202160275187001,0.004757886898174864,train
previous_credit_sum,numeric,bin_1,"[-infinity, 126721.8)",34945,3216,31729,0.09203033338102733,0.0890442146499144,0.09510613741265332,0.18706887403162475,0.21590146328366225,-0.1433452557224397,0.004133014879473381,train
previous_credit_sum,numeric,bin_2,"[126721.8, 290221.2)",34944,2686,32258,0.0768658424908425,0.07411918414925403,0.0797055224540161,0.19018772035327272,0.18032621828433346,0.05324405185242821,0.0005250663275014303,train
previous_credit_sum,numeric,bin_3,"[290221.2, 630810.9)",34945,2703,32242,0.07735012161968809,0.07459540186072314,0.08019775387792899,0.19009338851745727,0.1814673110484629,0.046439936849787235,0.00040059449292147154,train
previous_credit_sum,numeric,bin_4,"[630810.9, 1446905.7)",34944,2749,32195,0.0786687271062271,0.07589207579014594,0.08153800369855595,0.18981628874974943,0.18455497382198952,0.028109322898977843,0.00014789200017761568,train
previous_credit_sum,numeric,bin_5,"[1446905.7, infinity)",34945,2955,31990,0.08456145371297753,0.08168978619586317,0.08752444843874749,0.1886076621033641,0.19838233319908713,-0.05052714892536639,0.0004938862621500715,train
previous_credit_sum,numeric,__MISSING__,__MISSING__,9783,586,9197,0.05989982622917306,0.055368004416694816,0.06477713778962246,0.054226066244531704,0.03936770036246476,0.3202160275187001,0.004757886898174864,train
previous_annuity_mean,numeric,bin_1,"[-infinity, 7053.936)",34895,3356,31539,0.0961742369967044,0.09312512339264443,0.09931225212152932,0.1859486834813164,0.22529869781178682,-0.19195632723935963,0.0075534842276932706,train
previous_annuity_mean,numeric,bin_2,"[7053.936, 10234.773)",34895,2994,31901,0.08580025791660696,0.08290712047209958,0.08878458069485287,0.1880829412666407,0.20100013424620755,-0.0664225334602038,0.0008579926828971879,train
previous_annuity_mean,numeric,bin_3,"[10234.773, 14139.36)",34888,2853,32035,0.08177596881449209,0.07894641018346808,0.08469761719065148,0.18887297039159504,0.19153577661431065,-0.013999939463314796,3.727912592055653e-05,train
previous_annuity_mean,numeric,bin_4,"[14139.36, 20422.817999999996)",34901,2741,32160,0.07853643162087046,0.07576028582175114,0.08140534592284983,0.18960993785890315,0.184017988991811,0.0299354842249243,0.0001673976970974207,train
previous_annuity_mean,numeric,bin_5,"[20422.817999999996, infinity)",34895,2350,32545,0.06734489181831207,0.06476269199153098,0.07002233989472942,0.19187979765821217,0.15777285541683447,0.19571274740065167,0.00667516337149537,train
previous_annuity_mean,numeric,__MISSING__,__MISSING__,10032,601,9431,0.05990829346092504,0.055430682476614694,0.06472281573960681,0.055605669343332505,0.040374546919049535,0.32008560300434635,0.004875263005609636,train
pos_loan_count,numeric,bin_1,"[-infinity, 1.0)",10733,705,10028,0.06568526972887356,0.061152212447472695,0.07052910782192305,0.0591254259671961,0.047355349711370655,0.2219812557665334,0.002612736307735991,train
pos_loan_count,numeric,bin_2,"[1.0, 2.0)",53596,5284,48312,0.09858944697365475,0.09609432188964188,0.1011421096200064,0.2848379261145896,0.35471204188481675,-0.21938597248632366,0.015329400839873253,train
pos_loan_count,numeric,bin_3,"[2.0, 3.0)",44259,3656,40603,0.08260466797713459,0.08007609961769413,0.08520568568357001,0.23938766847076304,0.24543562894348234,-0.02495042730693041,0.00015089919812977134,train
pos_loan_count,numeric,bin_4,"[3.0, 4.0)",30016,2245,27771,0.07479344349680171,0.07187161703676968,0.07782409221556132,0.16373353614678032,0.15072492952074104,0.08278381007182353,0.001076902020229101,train
pos_loan_count,numeric,bin_5,"[4.0, infinity)",45902,3005,42897,0.06546555705633741,0.06323897298494319,0.06776486591027328,0.2529124954308017,0.20173848838770306,0.22607131431385988,0.011568975030940029,train
pos_loan_count,numeric,__MISSING__,__MISSING__,0,0,0,,,,2.947869869232493e-06,3.3561551886159215e-05,0.0,0.0,train
pos_month_count,numeric,bin_1,"[-infinity, 9.0)",33579,2834,30745,0.08439798683701123,0.0814720514899622,0.08741900157282018,0.1812674661289752,0.1902604376426366,-0.04842020406876512,0.00043544151587607553,train
pos_month_count,numeric,bin_2,"[9.0, 16.0)",38992,3798,35194,0.09740459581452605,0.0945010899350345,0.10038742059617345,0.20749761222540591,0.25496710967915154,-0.20601472293209008,0.009779415365658961,train
pos_month_count,numeric,bin_3,"[16.0, 26.0)",37168,3070,34098,0.08259793370641412,0.07984236459971301,0.08543977418340047,0.2010358814720483,0.20610149013290374,-0.02488531110185213,0.00012605924744562452,train
pos_month_count,numeric,bin_4,"[26.0, 43.0)",36685,2660,34025,0.0725091999454818,0.06990000071698979,0.075207918942892,0.20060549247114035,0.1785810175862532,0.11629787708572105,0.0025613996730401564,train
pos_month_count,numeric,bin_5,"[43.0, infinity)",38082,2533,35549,0.06651436374140014,0.06405518284675553,0.06906099010959955,0.20959059983256098,0.17005638340716875,0.20902605415220535,0.008263681263399042,train
pos_month_count,numeric,__MISSING__,__MISSING__,0,0,0,,,,2.947869869232493e-06,3.3561551886159215e-05,0.0,0.0,train
pos_max_dpd,numeric,bin_1,"[-infinity, 0.0)",0,0,0,,,,2.947895939273344e-06,3.356493135971537e-05,0.0,0.0,train
pos_max_dpd,numeric,bin_2,"[0.0, infinity)",173773,14190,159583,0.08165825531008845,0.080379948742908,0.08295505735194451,0.9408711032500553,0.9526063169200819,-0.012395567862984475,0.00014546463743343797,train
pos_max_dpd,numeric,__MISSING__,__MISSING__,10733,705,10028,0.06568526972887356,0.061152212447472695,0.07052910782192305,0.059125948854005454,0.04736011814855839,0.2218894096905474,0.0026107132297505664,train
pos_max_dpd_def,numeric,bin_1,"[-infinity, 0.0)",0,0,0,,,,2.947895939273344e-06,3.356493135971537e-05,0.0,0.0,train
pos_max_dpd_def,numeric,bin_2,"[0.0, infinity)",173773,14190,159583,0.08165825531008845,0.080379948742908,0.08295505735194451,0.9408711032500553,0.9526063169200819,-0.012395567862984475,0.00014546463743343797,train
pos_max_dpd_def,numeric,__MISSING__,__MISSING__,10733,705,10028,0.06568526972887356,0.061152212447472695,0.07052910782192305,0.059125948854005454,0.04736011814855839,0.2218894096905474,0.0026107132297505664,train
pos_delinquent_month_rate,numeric,bin_1,"[-infinity, 0.0)",0,0,0,,,,2.947895939273344e-06,3.356493135971537e-05,0.0,0.0,train
pos_delinquent_month_rate,numeric,bin_2,"[0.0, infinity)",173773,14190,159583,0.08165825531008845,0.080379948742908,0.08295505735194451,0.9408711032500553,0.9526063169200819,-0.012395567862984475,0.00014546463743343797,train
pos_delinquent_month_rate,numeric,__MISSING__,__MISSING__,10733,705,10028,0.06568526972887356,0.061152212447472695,0.07052910782192305,0.059125948854005454,0.04736011814855839,0.2218894096905474,0.0026107132297505664,train
cc_loan_count,numeric,bin_1,"[-infinity, 0.0)",0,0,0,,,,2.947887249208492e-06,3.3563804792911326e-05,0.0,0.0,train
cc_loan_count,numeric,bin_2,"[0.0, 1.0)",132186,10362,121824,0.07838954200898733,0.07695279757849535,0.07985079057981073,0.7182497803824,0.6956098543330872,0.03202844304562795,0.0007251215820276421,train
cc_loan_count,numeric,bin_3,"[1.0, infinity)",52320,4533,47787,0.08663990825688074,0.0842597249794846,0.08908078683975436,0.28174432384310166,0.304323018057327,-0.07708969004765212,0.0017405845386553457,train
cc_loan_count,numeric,__MISSING__,__MISSING__,0,0,0,,,,2.947887249208492e-06,3.3563804792911326e-05,0.0,0.0,train
cc_month_count,numeric,bin_1,"[-infinity, 0.0)",0,0,0,,,,2.947887249208492e-06,3.3563804792911326e-05,0.0,0.0,train
cc_month_count,numeric,bin_2,"[0.0, 11.0)",146900,11912,134988,0.08108917631041525,0.07970420262073387,0.08249605859911983,0.7958617558795611,0.7996576491911123,-0.004758200321749766,1.8061620776350556e-05,train
cc_month_count,numeric,bin_3,"[11.0, infinity)",37606,2983,34623,0.07932244854544487,0.07663390569972676,0.08209692716903498,0.20413234834594046,0.20027522319930188,0.01907601332325985,7.357857068675814e-05,train
cc_month_count,numeric,__MISSING__,__MISSING__,0,0,0,,,,2.947887249208492e-06,3.3563804792911326e-05,0.0,0.0,train
cc_max_dpd,numeric,bin_1,"[-infinity, 0.0)",0,0,0,,,,2.947887249208492e-06,3.3563804792911326e-05,0.0,0.0,train
cc_max_dpd,numeric,bin_2,"[0.0, 1.0)",41509,3623,37886,0.08728227613288685,0.08460508464417392,0.09003585064358004,0.22337026053427508,0.24323689333422838,-0.0852050824272093,0.00169273808527112,train
cc_max_dpd,numeric,bin_3,"[1.0, infinity)",10811,910,9901,0.08417352696327814,0.0790863666892448,0.08955609245038039,0.05837701119607577,0.06111968852789152,-0.04591188033693701,0.00012592147346115426,train
cc_max_dpd,numeric,__MISSING__,__MISSING__,132186,10362,121824,0.07838954200898733,0.07695279757849535,0.07985079057981073,0.7182497803824,0.6956098543330872,0.03202844304562795,0.0007251215820276421,train
cc_max_dpd_def,numeric,bin_1,"[-infinity, 0.0)",0,0,0,,,,2.947895939273344e-06,3.356493135971537e-05,0.0,0.0,train
cc_max_dpd_def,numeric,bin_2,"[0.0, infinity)",52320,4533,47787,0.08663990825688074,0.0842597249794846,0.08908078683975436,0.2817451543960498,0.30433323263853923,-0.07712030652412796,0.0017419995178517703,train
cc_max_dpd_def,numeric,__MISSING__,__MISSING__,132186,10362,121824,0.07838954200898733,0.07695279757849535,0.07985079057981073,0.7182518977080109,0.6956332024301011,0.03199782656915198,0.0007237490887230556,train
cc_utilization_mean,numeric,bin_1,"[-infinity, 0.0)",0,0,0,,,,2.947869869232493e-06,3.3561551886159215e-05,0.0,0.0,train
cc_utilization_mean,numeric,bin_2,"[0.0, 0.11517142213078332)",20721,1114,19607,0.05376188407895372,0.05077276485417713,0.05691642848683154,0.1156007169219522,0.0748086991542489,0.4352079808941987,0.017753011689282432,train
cc_utilization_mean,numeric,bin_3,"[0.11517142213078332, 0.3811092939393939)",10360,752,9608,0.07258687258687259,0.06774758015519403,0.0777430146992232,0.05664921527704081,0.05051013558866962,0.11470411438275173,0.0007041776987797571,train
cc_utilization_mean,numeric,bin_4,"[0.3811092939393939, 0.6690333498543185)",10360,1025,9335,0.09893822393822393,0.09333655861958833,0.10483720416724628,0.05503967832843987,0.06883474291851255,-0.22365425247374413,0.003085324858719723,train
cc_utilization_mean,numeric,bin_5,"[0.6690333498543185, infinity)",10361,1582,8779,0.15268796448219285,0.14589095158364673,0.15974242172036995,0.05176164703385334,0.10622231171969392,-0.7188847079856452,0.03915093902938464,train
cc_utilization_mean,numeric,__MISSING__,__MISSING__,132704,10422,122282,0.07853568844948156,0.07710049031310431,0.07999528661798075,0.7209457945688446,0.6995905490669888,0.030068719554727695,0.0006421248880176605,train
cc_utilization_max,numeric,bin_1,"[-infinity, 0.0)",0,0,0,,,,2.947869869232493e-06,3.3561551886159215e-05,0.0,0.0,train
cc_utilization_max,numeric,bin_2,"[0.0, 0.5941370666666667)",20721,1116,19605,0.05385840451715651,0.050866670338988354,0.057015528097279916,0.11558892544247527,0.07494294536179352,0.43331305545234267,0.017612433820615267,train
cc_utilization_max,numeric,bin_3,"[0.5941370666666667, 1.01430088)",10360,871,9489,0.08407335907335907,0.07888276890352808,0.08957228376758392,0.05594762224816348,0.058497784937575514,-0.044572953149800615,0.00011366828207953221,train
cc_utilization_max,numeric,bin_4,"[1.01430088, 1.0533259117647058)",10360,1132,9228,0.10926640926640926,0.10340322107213665,0.11541925588601173,0.054408834176424115,0.07601691502215062,-0.3344293479765424,0.00722637638826073,train
cc_utilization_max,numeric,bin_5,"[1.0533259117647058, infinity)",10361,1354,9007,0.1306823665669337,0.12432899935967041,0.1373094897185065,0.053105875694223356,0.09091824405960532,-0.5376731102696009,0.020330693705674783,train
cc_utilization_max,numeric,__MISSING__,__MISSING__,132704,10422,122282,0.07853568844948156,0.07710049031310431,0.07999528661798075,0.7209457945688446,0.6995905490669888,0.030068719554727695,0.0006421248880176605,train
cc_balance_sum_latest,numeric,bin_1,"[-infinity, 0.0)",0,0,0,,,,2.947887249208492e-06,3.3563804792911326e-05,0.0,0.0,train
cc_balance_sum_latest,numeric,bin_2,"[0.0, 146822.5980000006)",41856,3114,38742,0.07439793577981652,0.07192282498419916,0.07695116119540024,0.22841704350492004,0.20906894005504464,0.08850904200108035,0.0017124821008862687,train
cc_balance_sum_latest,numeric,bin_3,"[146822.5980000006, infinity)",10464,1419,9045,0.13560779816513763,0.12918146611420475,0.14230157745310354,0.053330228225430834,0.09528764180707525,-0.5803968214179195,0.02435194947770346,train
cc_balance_sum_latest,numeric,__MISSING__,__MISSING__,132186,10362,121824,0.07838954200898733,0.07695279757849535,0.07985079057981073,0.7182497803824,0.6956098543330872,0.03202844304562795,0.0007251215820276421,train
cc_limit_sum_latest,numeric,bin_1,"[-infinity, 0.0)",0,0,0,,,,2.947869869232493e-06,3.3561551886159215e-05,0.0,0.0,train
cc_limit_sum_latest,numeric,bin_2,"[0.0, 45000.0)",13548,967,12581,0.0713758488337762,0.06716109035978442,0.07583360631735105,0.07417724951949721,0.06494160289971808,0.13296904375958593,0.001228055099533483,train
cc_limit_sum_latest,numeric,bin_3,"[45000.0, 157500.0)",17322,1604,15718,0.09259900704306662,0.08837216889384118,0.09700650183072125,0.09267218507906187,0.10769902000268493,-0.15027211033350488,0.002258114195606048,train
cc_limit_sum_latest,numeric,bin_4,"[157500.0, 270000.0)",9305,925,8380,0.09940891993551854,0.09349375837674441,0.10565470354749064,0.04940924687820581,0.062122432541280706,-0.22896956581293826,0.0029109326013735306,train
cc_limit_sum_latest,numeric,bin_5,"[270000.0, infinity)",12145,1037,11108,0.08538493207081103,0.08054505860065415,0.09048700777898176,0.06549282488473829,0.06964022016378037,-0.061401683454370304,0.00025465705208389155,train
cc_limit_sum_latest,numeric,__MISSING__,__MISSING__,132186,10362,121824,0.07838954200898733,0.07695279757849535,0.07985079057981073,0.7182455457686275,0.6955631628406498,0.032089672645138,0.0007278702429704728,train
income_type,categorical,Commercial associate,Commercial associate,42989,3279,39710,0.07627532624624904,0.07380382773161206,0.07882254531483435,0.2341227728843138,0.2201302188213183,0.06162637323236759,0.0008623103591602415,train
income_type,categorical,Pensioner,Pensioner,33218,1793,31425,0.053976759588175084,0.05159787422182267,0.056458792753437945,0.1852765691511314,0.1203852866156531,0.4311523558918003,0.027978029342011896,train
income_type,categorical,State servant,State servant,13127,763,12364,0.058124476270282624,0.054249651393363324,0.06225784461276787,0.0728978739962503,0.051248489730165124,0.3523733263960053,0.007628665548265776,train
income_type,categorical,Working,Working,95140,9056,86084,0.09518604162287156,0.0933375498144378,0.09706722238157899,0.507531807515889,0.6079003893140019,-0.18045165131877874,0.018111676325993396,train
income_type,categorical,__RARE__,__RARE__,32,4,28,0.125,0.049701343874801934,0.280683054816497,0.00016802858254625207,0.00030205396697543293,-0.5864716008683686,7.860208176318021e-05,train
income_type,categorical,__MISSING__,__MISSING__,0,0,0,,,,2.947869869232493e-06,3.3561551886159215e-05,0.0,0.0,train
education_type,categorical,Higher education,Higher education,44721,2422,42299,0.054158001833590486,0.05209838654935938,0.05629420469736925,0.24938684306719963,0.16260571888844141,0.4276769095019186,0.03711428299187354,train
education_type,categorical,Incomplete higher,Incomplete higher,6270,547,5723,0.08724082934609251,0.08050635401831008,0.09448076767205177,0.03374426639310434,0.03674989931534434,-0.08532496769882422,0.0002564555320046507,train
education_type,categorical,Lower secondary,Lower secondary,2272,247,2025,0.10871478873239436,0.09656940866908274,0.12218109211433638,0.011941820840260827,0.01661296818364881,-0.330137010732699,0.0015421186206380972,train
education_type,categorical,Secondary / secondary special,Secondary / secondary special,131154,11678,119476,0.08904036476203547,0.08751103010462247,0.09059377246758918,0.7044023488627118,0.7838971674050208,-0.10692813654887495,0.008500232812020054,train
education_type,categorical,__RARE__,__RARE__,89,1,88,0.011235955056179775,0.001986183228256451,0.06093246211504443,0.0005217729668541512,0.00010068465565847765,1.6452391525390202,0.0006927909762556571,train
education_type,categorical,__MISSING__,__MISSING__,0,0,0,,,,2.947869869232493e-06,3.3561551886159215e-05,0.0,0.0,train
family_status,categorical,Civil marriage,Civil marriage,17908,1762,16146,0.09839178020996203,0.09411525503473041,0.10284056700797796,0.09519528106382415,0.11830050005034064,-0.21729762603218555,0.005020709234723813,train
family_status,categorical,Married,Married,117757,8899,108858,0.07557087901356183,0.07407506145975465,0.07709438704529656,0.6417994923783049,0.5973420142967413,0.0717861001170349,0.003191428972514012,train
family_status,categorical,Separated,Separated,11863,953,10910,0.08033381100901964,0.0755773712486316,0.08536195413530172,0.06432527879397103,0.06399973151659563,0.005073804007195921,1.6517630804790057e-06,train
family_status,categorical,Single / not married,Single / not married,27350,2714,24636,0.09923217550274223,0.0957450068601237,0.10283190845167824,0.14524996388870054,0.1821995502902977,-0.22664636948552006,0.008374489611913536,train
family_status,categorical,Widow,Widow,9627,567,9060,0.058896852602056717,0.05436752658768114,0.06377806470731082,0.05341819243048206,0.03809108299493238,0.338171157553141,0.005183186339763507,train
family_status,categorical,__RARE__,__RARE__,1,0,1,0.0,0.0,0.7934506856227534,8.84358353796403e-06,3.356042554619593e-05,-1.3336553895754042,3.296374955756223e-05,train
family_status,categorical,__MISSING__,__MISSING__,0,0,0,,,,2.947861179321343e-06,3.356042554619593e-05,0.0,0.0,train
gender,categorical,F,F,121426,8508,112918,0.07006736613245927,0.06864518514308653,0.07151674914217289,0.6657439752376741,0.5711744369482764,0.1532105182843179,0.014489047975227274,train
gender,categorical,M,M,63078,6387,56691,0.10125558831922382,0.09892565276368669,0.10363408809552659,0.33424128528262953,0.42879199812036384,-0.24910880529327978,0.023553415114635965,train
gender,categorical,__MISSING__,__MISSING__,2,0,2,0.0,0.0,0.6576197724933345,1.4739479696366719e-05,3.356493135971537e-05,-0.822952225008585,1.5492447333144343e-05,train
housing_type,categorical,House / apartment,House / apartment,163753,12761,150992,0.07792834329752737,0.07663989657163657,0.07923659219930486,0.8902098582373559,0.8565627412155586,0.038529662597151966,0.0012964120662167361,train
housing_type,categorical,Municipal apartment,Municipal apartment,6698,552,6146,0.08241266049567035,0.07606394451531406,0.08924009402809216,0.03623805747739727,0.0370842702285465,-0.023083018528025884,1.953314461342932e-05,train
housing_type,categorical,Office apartment,Office apartment,1576,105,1471,0.06662436548223351,0.055336439048172,0.08001983839774363,0.008675555450742714,0.00708124979024734,0.20305893651389265,0.00032373801189826976,train
housing_type,categorical,Rented apartment,Rented apartment,2909,372,2537,0.12787899621863183,0.1162321468108657,0.14050735288146163,0.014960395485055818,0.025002517031915965,-0.5135700927130851,0.005157333293857035,train
housing_type,categorical,With parents,With parents,8888,1043,7845,0.11734923492349235,0.11082311094733988,0.1242059849378071,0.0462548897647312,0.07004060811491089,-0.414908006761646,0.009868884990066962,train
housing_type,categorical,__RARE__,__RARE__,682,62,620,0.09090909090909091,0.0715636666083884,0.11483722411717029,0.003658295723537787,0.004195053193274491,-0.1369086303412077,7.348673000706434e-05,train
housing_type,categorical,__MISSING__,__MISSING__,0,0,0,,,,2.947861179321343e-06,3.356042554619593e-05,0.0,0.0,train
occupation_type,categorical,Accountants,Accountants,5885,264,5621,0.044859813084112146,0.03986155251985513,0.05045187543362912,0.03314202165447755,0.017748699882570038,0.6244897464057341,0.009612971609680387,train
occupation_type,categorical,Cleaning staff,Cleaning staff,2820,276,2544,0.09787234042553192,0.08744620736322675,0.10939255533870876,0.015001311767289536,0.01855393390370743,-0.21254418841922815,0.0007550891887451258,train
occupation_type,categorical,Cooking staff,Cooking staff,3627,373,3254,0.10283981251723187,0.09337100825888306,0.1131490139797757,0.019187175927154174,0.02506290890790136,-0.2671468850461562,0.0015696837631695773,train
occupation_type,categorical,Core staff,Core staff,16514,1057,15457,0.0640062976868112,0.06037365015369232,0.06784173828556075,0.09113097922691216,0.07096124811273276,0.25016387702656456,0.005045738134106448,train
occupation_type,categorical,Drivers,Drivers,11195,1246,9949,0.11129968736042876,0.10560662538845375,0.11725941553177563,0.05865810627968058,0.08364368394564671,-0.3548401388156184,0.008865885847379837,train
occupation_type,categorical,High skill tech staff,High skill tech staff,6820,423,6397,0.06202346041055719,0.05654192164685938,0.067998114042593,0.03771699431370988,0.0284180506626405,0.2830862404561085,0.0026324029983944308,train
occupation_type,categorical,Laborers,Laborers,33119,3474,29645,0.10489447145143271,0.10164009938769752,0.10824048913196285,0.17477751542431988,0.2331488005368227,-0.2881630539902413,0.016820447783353915,train
occupation_type,categorical,Low-skill Laborers,Low-skill Laborers,1245,232,1013,0.18634538152610441,0.1656926240676459,0.20892775349612103,0.005975173698623676,0.01560140915953699,-0.9597480726210824,0.00923876093020827,train
occupation_type,categorical,Managers,Managers,12856,796,12060,0.06191661481020535,0.05788004299516178,0.06621491291318578,0.07110368267612319,0.053447408152994466,0.2854409859557486,0.005039824408187227,train
occupation_type,categorical,Medicine staff,Medicine staff,5188,369,4819,0.07112567463377024,0.06444416258229399,0.07844183744383165,0.028413763828827633,0.02479449756752223,0.1362519133500401,0.0004931319530261075,train
occupation_type,categorical,Private service staff,Private service staff,1594,102,1492,0.06398996235884567,0.052992606972158574,0.07708378932694221,0.008799158110701368,0.006878040597215232,0.24632223320256807,0.00047321395616646957,train
occupation_type,categorical,Sales staff,Sales staff,19097,1826,17271,0.09561711263549248,0.09152736119871907,0.0998695187084978,0.10182556737620012,0.12256332830062071,-0.1853666365327475,0.003844088991780085,train
occupation_type,categorical,Security staff,Security staff,4012,441,3571,0.10992023928215354,0.10061203035909447,0.1199747303246386,0.021056075840783877,0.029625901694346587,-0.3414598789347138,0.002926251698449103,train
occupation_type,categorical,__RARE__,__RARE__,2642,215,2427,0.0813777441332324,0.07154974627810974,0.09242132514582434,0.014311528518410433,0.014460660962925684,-0.010366522864048655,1.5459848958388142e-06,train
occupation_type,categorical,__MISSING__,__MISSING__,57892,3801,54091,0.06565674013680647,0.06366783609590997,0.06770328257468518,0.318900945356786,0.25509142761281667,0.22325851788525602,0.014246018358491534,train
contract_type,categorical,Cash loans,Cash loans,166883,13905,152978,0.08332184824098321,0.08200546156085767,0.08465741740365168,0.9019293978922545,0.9334743060450441,-0.034377194128160996,0.0010844254313234583,train
contract_type,categorical,Revolving loans,Revolving loans,17623,990,16633,0.05617658741417466,0.052872678920297816,0.059673942858498225,0.09806765421180633,0.06649212902359615,0.3885740094800893,0.012269428423822379,train
contract_type,categorical,__MISSING__,__MISSING__,0,0,0,,,,2.947895939273344e-06,3.356493135971537e-05,0.0,0.0,train
